session_id	card_id
1	16
1	74
2	110
3	92
4	23
5	83
5	154
6	79
6	29
7	148
7	113
8	42
8	187
9	163
9	201
10	177
11	168
12	175
12	5
13	143
13	132
14	129
14	104
15	170
15	85
16	90
17	87
18	167
18	92
19	170
19	51
20	114
20	128
21	76
22	104
22	90
23	129
23	156
24	101
24	38
25	41
26	154
27	192
28	36
28	196
29	181
29	43
30	100
31	183
32	90
32	123
33	137
34	156
35	68
36	176
36	165
37	95
37	114
38	190
39	55
39	46
40	57
40	184
41	188
41	76
42	55
43	56
44	197
45	152
45	147
46	97
47	114
48	93
49	156
49	148
50	112
51	95
52	18
52	204
53	11
53	126
54	191
55	162
56	173
56	204
57	136
58	138
58	81
59	39
59	161
60	5
61	154
62	201
62	64
63	67
64	45
64	78
65	165
65	195
66	179
67	126
67	24
68	19
68	19
69	160
69	85
70	175
71	195
72	134
73	137
73	117
74	192
74	96
75	69
76	175
77	117
77	7
78	191
78	43
79	121
80	50
81	50
81	157
82	195
82	148
83	85
84	172
84	34
85	76
85	186
86	46
87	23
88	35
88	110
89	118
90	191
91	15
92	32
93	80
94	189
94	14
95	147
95	6
96	7
96	13
97	195
98	149
98	112
99	83
99	14
100	131
101	121
101	126
102	151
103	42
104	101
105	171
106	80
106	26
107	76
108	148
109	145
110	167
111	184
111	158
112	101
113	202
114	81
115	31
115	19
116	102
116	179
117	195
117	23
118	158
118	168
119	154
119	172
120	92
121	100
122	177
123	127
123	42
124	199
124	56
125	31
126	26
127	147
128	166
129	158
129	151
130	133
130	163
131	51
132	198
133	47
134	144
134	174
135	197
136	90
136	92
137	157
137	149
138	199
138	189
139	6
140	175
141	179
142	160
143	194
143	75
144	28
145	152
145	104
146	6
147	13
147	97
148	60
149	32
150	86
151	165
151	191
152	44
153	96
153	201
154	49
155	6
156	93
156	124
157	88
157	59
158	35
159	54
159	106
160	49
161	31
161	160
162	44
163	16
163	5
164	45
164	7
165	170
165	128
166	163
167	109
168	57
168	5
169	97
169	178
170	48
171	43
172	198
172	91
173	96
173	50
174	178
174	25
175	146
175	102
176	81
177	136
178	118
179	89
180	39
180	39
181	26
181	11
182	65
182	128
183	194
184	160
184	35
185	147
185	203
186	128
186	204
187	35
187	100
188	28
189	54
190	5
190	106
191	44
191	32
192	53
193	114
194	159
195	14
196	155
197	85
198	33
199	88
200	170
201	191
201	171
202	131
203	29
203	97
204	23
204	190
205	28
206	81
206	200
207	36
208	157
209	47
210	13
211	65
212	120
212	38
213	148
213	163
214	137
214	23
215	184
215	159
216	13
217	127
217	185
218	13
219	204
219	124
220	90
221	100
221	172
222	50
222	93
223	73
224	166
225	159
226	24
227	64
227	31
228	184
228	81
229	115
229	163
230	131
231	167
232	46
233	54
233	36
234	48
235	194
235	181
236	115
236	149
237	96
237	127
238	95
238	17
239	26
240	81
240	191
241	201
241	8
242	104
243	158
243	10
244	45
244	126
245	138
246	129
246	32
247	89
248	92
249	45
249	34
250	16
251	159
251	147
252	7
253	191
254	117
254	59
255	123
255	159
256	21
257	41
257	39
258	13
258	85
259	93
260	98
260	196
261	67
261	193
262	15
262	94
263	83
263	145
264	138
264	153
265	24
265	39
266	148
267	44
267	171
268	182
269	67
270	175
270	139
271	45
272	172
272	46
273	193
274	35
275	151
275	21
276	97
277	195
277	147
278	197
279	48
279	83
280	110
280	92
281	177
282	104
283	31
284	134
285	139
286	166
286	129
287	160
288	104
288	151
289	191
289	99
290	22
290	194
291	140
292	19
292	52
293	49
294	141
294	120
295	132
295	72
296	10
297	84
297	46
298	184
299	108
300	197
301	68
301	133
302	99
302	36
303	60
303	159
304	138
304	52
305	203
306	77
306	97
307	147
308	173
309	77
310	156
311	24
312	195
312	138
313	11
313	134
314	140
314	101
315	137
315	50
316	99
316	131
317	121
317	166
318	202
319	80
320	157
320	141
321	174
322	29
322	50
323	123
323	63
324	90
324	44
325	184
326	8
327	167
327	88
328	10
328	143
329	125
330	116
330	204
331	24
331	85
332	104
333	153
334	40
335	55
336	131
336	203
337	84
337	37
338	127
339	36
340	164
341	130
342	95
343	13
343	204
344	57
344	202
345	89
345	72
346	90
347	99
348	199
348	69
349	71
350	127
351	178
352	189
353	86
353	49
354	128
355	178
355	107
356	117
356	19
357	94
357	12
358	183
359	6
360	168
361	202
361	6
362	180
363	134
364	186
364	11
365	166
366	39
367	84
367	150
368	62
368	197
369	53
370	122
371	177
371	37
372	28
373	39
373	115
374	115
375	150
375	137
376	85
377	145
378	155
378	30
379	198
380	200
380	131
381	48
382	120
382	14
383	50
384	78
385	153
385	68
386	5
387	122
388	179
389	83
390	18
390	65
391	113
391	169
392	62
393	61
393	37
394	82
394	166
395	82
395	11
396	59
396	26
397	74
398	71
398	125
399	55
399	143
400	87
401	120
402	142
402	115
403	16
403	192
404	130
404	86
405	14
406	141
407	191
407	199
408	162
409	108
409	175
410	180
410	109
411	186
411	96
412	41
413	176
414	6
414	16
415	139
415	124
416	82
416	150
417	20
418	122
418	14
419	121
419	24
420	41
421	40
421	68
422	180
423	70
424	119
424	179
425	7
425	45
426	130
427	108
428	120
428	119
429	140
430	11
430	72
431	50
431	20
432	66
432	29
433	185
434	73
434	37
435	139
435	65
436	129
437	34
438	79
439	110
440	178
440	62
441	85
441	147
442	60
442	92
443	158
444	70
444	85
445	165
445	26
446	32
446	49
447	58
447	202
448	8
448	6
449	35
449	103
450	79
450	140
451	195
451	12
452	37
453	90
453	40
454	157
455	149
456	13
457	124
457	80
458	111
458	19
459	191
460	140
461	177
461	125
462	127
463	45
463	24
464	133
464	181
465	16
465	95
466	14
466	36
467	12
468	33
469	19
470	55
470	61
471	163
472	145
472	203
473	102
474	147
474	47
475	109
476	165
476	86
477	146
477	124
478	83
479	46
479	163
480	124
480	108
481	72
481	191
482	154
482	139
483	127
484	136
485	103
485	139
486	134
487	25
488	150
489	61
490	101
490	79
491	159
492	130
493	15
494	76
495	72
495	97
496	184
496	33
497	68
497	153
498	5
499	35
499	91
500	32
501	59
501	38
502	116
503	42
503	97
504	116
505	75
505	161
506	48
507	102
507	202
508	77
509	32
509	201
510	88
510	124
511	25
511	164
512	68
513	197
513	61
514	73
514	53
515	95
515	127
516	192
516	25
517	42
518	188
518	150
519	162
519	67
520	15
521	148
521	50
522	67
522	49
523	185
524	184
524	67
525	59
525	157
526	196
526	97
527	39
528	183
529	5
530	115
530	135
531	99
532	60
533	66
534	136
534	129
535	31
535	13
536	108
537	15
538	193
538	192
539	148
539	94
540	9
541	148
541	59
542	112
543	195
544	10
544	23
545	70
545	47
546	95
547	141
548	129
549	19
550	199
550	20
551	142
552	40
553	202
553	152
554	92
555	180
555	141
556	69
556	87
557	69
558	47
559	45
559	41
560	113
560	151
561	131
562	65
563	170
563	193
564	23
564	200
565	82
565	80
566	118
566	79
567	62
568	178
569	78
570	62
570	93
571	148
572	183
572	140
573	123
573	25
574	122
575	174
575	103
576	123
577	67
578	67
579	83
580	88
581	64
581	125
582	119
582	129
583	8
583	79
584	135
584	195
585	26
585	154
586	120
586	195
587	74
588	130
588	197
589	30
590	120
590	48
591	142
592	134
592	150
593	104
594	186
595	102
596	131
596	75
597	201
597	111
598	113
598	39
599	79
600	24
601	90
601	28
602	154
603	171
603	157
604	65
605	204
605	85
606	120
607	99
608	183
608	79
609	105
610	157
611	177
611	66
612	124
612	72
613	198
613	152
614	199
614	26
615	111
616	192
617	108
618	130
619	197
619	133
620	72
621	11
621	75
622	162
623	171
624	57
624	132
625	158
626	145
627	203
627	89
628	23
628	10
629	148
629	11
630	183
631	153
631	35
632	77
632	85
633	32
633	122
634	192
634	29
635	21
635	92
636	15
636	54
637	123
638	115
638	171
639	202
640	60
640	129
641	77
641	135
642	145
643	182
644	32
644	186
645	56
645	137
646	45
647	12
647	154
648	71
648	27
649	190
649	15
650	11
651	152
651	129
652	109
652	147
653	111
654	197
655	197
656	197
657	154
658	157
658	74
659	88
659	52
660	26
661	49
661	87
662	71
663	177
663	160
664	68
665	189
665	66
666	185
667	188
668	187
668	95
669	66
669	120
670	6
671	73
671	48
672	185
672	187
673	50
674	169
675	154
675	109
676	101
676	100
677	36
678	37
679	176
679	176
680	192
681	83
681	41
682	204
683	62
684	16
685	60
686	160
687	82
688	198
688	80
689	83
689	66
690	68
691	109
691	192
692	17
693	180
694	10
695	48
696	54
697	37
697	184
698	22
699	154
699	112
700	86
701	155
702	60
702	59
703	96
703	66
704	109
705	142
706	48
706	22
707	109
708	69
708	173
709	181
709	36
710	61
710	98
711	17
711	150
712	124
712	71
713	128
714	115
715	109
715	149
716	45
717	156
717	169
718	86
718	11
719	165
719	28
720	173
721	52
722	137
723	165
724	45
724	65
725	43
725	122
726	97
727	57
728	56
728	93
729	69
730	133
731	198
732	108
732	157
733	203
734	58
735	172
735	76
736	38
737	55
738	149
739	173
739	144
740	72
740	95
741	193
742	162
742	176
743	168
744	138
745	10
745	193
746	134
746	58
747	98
747	17
748	21
749	120
749	72
750	73
750	34
751	151
752	170
753	53
753	84
754	159
755	153
756	90
756	145
757	191
757	7
758	102
759	178
760	111
760	15
761	69
761	204
762	51
763	98
763	187
764	99
765	120
766	8
766	162
767	155
767	34
768	59
768	187
769	140
769	32
770	160
770	196
771	66
772	198
772	134
773	71
773	71
774	37
774	81
775	203
775	71
776	46
776	141
777	130
777	36
778	125
778	73
779	59
779	11
780	130
781	56
782	30
783	60
783	203
784	109
784	196
785	44
785	12
786	106
787	9
788	91
788	145
789	105
790	9
791	193
791	133
792	76
793	133
793	200
794	122
795	33
796	23
797	46
798	140
798	66
799	168
799	204
800	90
800	137
801	146
801	123
802	45
803	96
803	104
804	39
805	72
806	58
807	51
807	162
808	182
808	67
809	44
810	137
810	104
811	85
812	109
813	43
814	12
814	13
815	175
816	39
816	103
817	121
817	66
818	161
819	99
820	32
821	185
821	194
822	77
823	118
824	191
824	34
825	193
825	175
826	67
827	154
827	30
828	60
828	108
829	166
830	184
830	152
831	45
831	93
832	22
832	110
833	143
833	92
834	148
834	177
835	117
836	92
837	43
838	41
838	27
839	146
840	73
840	110
841	68
842	93
843	175
844	132
844	149
845	156
846	142
846	200
847	29
848	134
849	106
849	177
850	37
851	92
851	127
852	107
852	139
853	38
853	42
854	14
855	169
855	16
856	6
856	68
857	146
857	132
858	188
859	193
859	197
860	44
861	183
861	79
862	14
862	66
863	144
863	153
864	172
865	122
866	41
866	26
867	113
867	86
868	81
869	186
869	159
870	58
870	153
871	193
871	66
872	9
872	136
873	111
874	76
874	73
875	120
876	131
876	71
877	124
877	128
878	143
879	83
880	118
880	170
881	152
882	132
882	127
883	11
883	197
884	119
884	194
885	108
885	79
886	153
887	111
888	138
889	136
890	184
890	109
891	182
892	173
892	154
893	83
893	35
894	106
894	75
895	86
896	113
897	15
897	43
898	203
898	16
899	55
900	7
900	200
901	199
902	34
903	187
904	175
905	79
905	114
906	76
907	52
907	134
908	194
909	63
910	166
910	203
911	48
911	107
912	190
912	32
913	26
914	59
914	27
915	104
916	153
917	193
917	24
918	104
918	90
919	53
920	145
921	81
922	69
922	143
923	44
924	71
925	118
925	145
926	149
926	163
927	167
927	94
928	25
928	68
929	105
930	10
931	157
931	7
932	108
933	168
933	201
934	117
934	19
935	92
935	12
936	67
937	98
937	137
938	54
939	175
940	70
940	68
941	84
941	124
942	108
943	179
943	51
944	174
944	134
945	118
946	35
946	81
947	88
947	169
948	192
948	80
949	201
950	48
951	10
951	117
952	167
952	199
953	168
953	89
954	126
955	99
955	94
956	191
957	190
958	197
958	174
959	35
960	59
961	171
961	53
962	61
963	94
963	32
964	8
965	144
965	119
966	97
966	29
967	139
968	102
969	170
969	47
970	107
971	61
971	44
972	59
973	200
973	136
974	5
974	153
975	166
975	65
976	41
977	130
978	107
978	97
979	126
980	95
981	140
982	67
983	121
984	37
984	32
985	66
985	98
986	83
986	204
987	123
987	13
988	159
988	37
989	196
990	15
991	155
992	41
993	142
994	194
995	90
996	18
997	20
998	199
999	177
999	141
1000	78
1000	33
1001	121
1001	20
1002	32
1003	176
1003	44
1004	198
1004	83
1005	178
1006	179
1007	104
1007	11
1008	24
1009	92
1009	52
1010	140
1011	106
1012	189
1013	130
1013	33
1014	98
1014	92
1015	68
1016	189
1017	182
1017	155
1018	86
1018	133
1019	150
1019	202
1020	171
1021	60
1022	86
1022	88
1023	129
1024	84
1024	196
1025	84
1026	158
1027	91
1027	92
1028	51
1029	30
1029	86
1030	102
1030	88
1031	39
1031	85
1032	131
1032	178
1033	33
1034	26
1034	38
1035	6
1035	114
1036	147
1036	89
1037	91
1038	176
1039	159
1039	136
1040	7
1041	48
1042	73
1042	174
1043	106
1044	130
1044	31
1045	200
1046	45
1046	188
1047	69
1048	171
1048	11
1049	77
1050	89
1051	189
1052	70
1052	128
1053	118
1053	26
1054	176
1055	30
1056	54
1056	29
1057	112
1057	86
1058	43
1059	81
1059	76
1060	78
1060	99
1061	175
1061	203
1062	203
1062	7
1063	101
1064	86
1065	154
1066	99
1067	95
1068	51
1069	109
1069	199
1070	83
1071	83
1071	77
1072	111
1073	162
1074	168
1075	11
1075	43
1076	184
1077	126
1078	8
1078	114
1079	201
1080	132
1080	11
1081	90
1082	102
1082	71
1083	107
1083	146
1084	174
1085	14
1086	91
1086	47
1087	37
1087	12
1088	109
1089	54
1090	72
1091	162
1091	71
1092	104
1092	144
1093	157
1094	140
1095	87
1096	38
1096	30
1097	67
1097	60
1098	100
1099	192
1099	90
1100	80
1100	88
1101	113
1102	38
1102	166
1103	192
1103	89
1104	142
1104	145
1105	137
1105	21
1106	43
1106	16
1107	61
1108	57
1108	100
1109	166
1110	197
1111	69
1111	164
1112	71
1113	47
1113	74
1114	145
1115	186
1115	176
1116	104
1116	35
1117	186
1117	78
1118	112
1118	28
1119	179
1119	132
1120	56
1121	109
1122	101
1122	44
1123	39
1123	123
1124	28
1125	39
1125	132
1126	174
1127	39
1128	13
1129	180
1129	157
1130	164
1130	170
1131	177
1132	130
1132	116
1133	116
1133	32
1134	194
1134	150
1135	86
1136	168
1136	38
1137	104
1138	177
1139	87
1140	51
1141	98
1142	166
1142	62
1143	34
1143	173
1144	6
1145	116
1145	149
1146	101
1147	72
1148	96
1148	120
1149	131
1150	187
1150	48
1151	41
1151	204
1152	77
1152	95
1153	11
1153	108
1154	169
1154	144
1155	124
1156	153
1157	154
1157	61
1158	72
1159	162
1159	158
1160	23
1161	178
1161	119
1162	6
1162	44
1163	74
1163	171
1164	62
1164	80
1165	173
1166	47
1167	174
1167	66
1168	63
1168	183
1169	146
1169	122
1170	155
1170	95
1171	101
1172	190
1173	7
1173	18
1174	194
1175	140
1176	117
1176	5
1177	29
1177	202
1178	87
1178	94
1179	135
1180	153
1180	68
1181	202
1182	128
1183	175
1183	60
1184	29
1184	170
1185	17
1186	182
1186	56
1187	7
1187	37
1188	5
1189	53
1190	204
1191	5
1192	33
1193	121
1194	53
1195	125
1195	156
1196	20
1196	27
1197	123
1197	172
1198	16
1198	147
1199	113
1200	199
1200	176
1201	41
1201	185
1202	19
1202	175
1203	35
1203	65
1204	84
1204	51
1205	72
1205	48
1206	30
1207	128
1208	172
1209	176
1210	44
1211	180
1211	167
1212	52
1213	177
1213	203
1214	172
1214	116
1215	154
1216	199
1216	103
1217	138
1218	69
1219	21
1220	60
1221	108
1222	15
1223	10
1223	136
1224	101
1225	189
1225	22
1226	116
1226	105
1227	100
1227	79
1228	185
1229	88
1230	55
1230	95
1231	57
1231	18
1232	73
1233	30
1233	89
1234	162
1234	19
1235	170
1236	164
1237	160
1237	178
1238	185
1239	113
1240	25
1241	186
1241	174
1242	85
1243	158
1243	184
1244	37
1244	145
1245	76
1246	131
1247	7
1247	127
1248	89
1248	152
1249	15
1249	150
1250	27
1250	174
1251	126
1252	88
1252	9
1253	172
1253	88
1254	51
1255	190
1255	91
1256	134
1257	59
1258	23
1259	119
1259	202
1260	129
1260	35
1261	131
1262	79
1262	128
1263	177
1263	23
1264	67
1264	103
1265	15
1265	62
1266	145
1267	59
1268	47
1269	97
1270	27
1271	74
1271	87
1272	74
1273	46
1274	175
1274	126
1275	162
1276	138
1276	170
1277	167
1277	85
1278	89
1279	14
1279	110
1280	37
1281	98
1282	101
1283	203
1283	16
1284	56
1285	108
1285	24
1286	78
1286	69
1287	12
1288	85
1289	76
1290	162
1290	26
1291	46
1291	201
1292	157
1292	42
1293	179
1293	163
1294	42
1294	134
1295	168
1296	202
1297	65
1298	56
1299	74
1300	42
1301	162
1302	197
1302	180
1303	160
1303	196
1304	172
1305	193
1306	132
1307	45
1307	95
1308	200
1309	199
1309	180
1310	13
1310	63
1311	13
1312	198
1313	204
1313	25
1314	124
1315	109
1316	61
1316	62
1317	187
1317	97
1318	117
1318	112
1319	142
1319	199
1320	26
1321	192
1321	175
1322	110
1322	77
1323	120
1323	102
1324	57
1324	92
1325	120
1326	178
1327	199
1328	95
1328	164
1329	157
1329	54
1330	63
1331	181
1332	81
1332	178
1333	116
1333	17
1334	121
1334	136
1335	140
1335	112
1336	10
1336	22
1337	52
1338	164
1339	90
1340	172
1340	16
1341	150
1341	68
1342	92
1342	9
1343	70
1343	72
1344	201
1345	119
1346	112
1347	40
1348	18
1349	49
1349	104
1350	8
1351	159
1351	179
1352	145
1353	116
1353	53
1354	96
1355	202
1355	38
1356	25
1357	13
1357	42
1358	74
1359	54
1359	162
1360	117
1361	168
1361	8
1362	202
1362	58
1363	91
1363	201
1364	74
1365	21
1366	43
1366	86
1367	45
1368	101
1368	143
1369	101
1369	65
1370	196
1371	106
1372	95
1372	139
1373	96
1373	89
1374	50
1374	185
1375	165
1376	21
1376	105
1377	167
1377	86
1378	19
1378	10
1379	139
1379	203
1380	6
1381	99
1381	17
1382	130
1383	63
1383	79
1384	16
1385	29
1385	81
1386	9
1386	74
1387	14
1387	69
1388	100
1389	35
1390	73
1390	70
1391	67
1391	171
1392	162
1393	64
1394	13
1395	151
1395	112
1396	35
1397	117
1398	124
1398	132
1399	200
1400	169
1401	102
1402	35
1403	41
1404	170
1404	12
1405	181
1406	153
1407	38
1407	113
1408	204
1408	84
1409	27
1409	111
1410	113
1411	5
1411	77
1412	196
1413	25
1413	184
1414	99
1414	29
1415	185
1415	72
1416	30
1417	77
1417	147
1418	33
1418	204
1419	81
1420	5
1421	46
1421	147
1422	198
1423	192
1423	165
1424	28
1425	27
1426	185
1427	59
1428	130
1429	50
1429	5
1430	175
1431	127
1432	148
1433	183
1434	86
1435	8
1436	94
1437	29
1437	137
1438	139
1438	108
1439	181
1439	9
1440	40
1441	13
1442	175
1443	155
1443	11
1444	110
1445	96
1446	110
1446	40
1447	177
1447	117
1448	193
1448	102
1449	174
1450	77
1450	185
1451	73
1451	24
1452	59
1452	38
1453	113
1453	42
1454	69
1455	204
1456	33
1456	64
1457	57
1458	139
1459	92
1459	30
1460	33
1461	65
1461	128
1462	146
1462	67
1463	31
1463	54
1464	126
1464	16
1465	193
1465	180
1466	37
1466	92
1467	119
1468	133
1469	30
1470	170
1470	96
1471	169
1472	97
1473	126
1474	198
1474	71
1475	143
1475	200
1476	68
1477	34
1477	87
1478	138
1479	101
1480	83
1481	137
1482	13
1482	8
1483	194
1483	197
1484	15
1485	57
1485	159
1486	112
1487	116
1487	83
1488	151
1489	177
1489	111
1490	33
1490	6
1491	32
1491	172
1492	74
1493	138
1493	26
1494	165
1494	85
1495	76
1496	8
1496	100
1497	203
1498	45
1499	120
1500	162
1501	29
1501	71
1502	198
1503	32
1504	102
1505	45
1505	149
1506	169
1507	201
1507	203
1508	11
1508	170
1509	35
1509	159
1510	56
1510	122
1511	25
1511	16
1512	61
1512	177
1513	121
1514	177
1514	80
1515	31
1515	153
1516	189
1517	95
1517	183
1518	137
1518	61
1519	130
1520	63
1521	73
1521	106
1522	103
1523	124
1524	188
1524	81
1525	35
1525	163
1526	41
1526	151
1527	31
1528	137
1529	72
1529	185
1530	77
1531	57
1532	194
1532	203
1533	57
1533	138
1534	142
1535	51
1535	58
1536	94
1536	187
1537	54
1538	46
1538	151
1539	66
1539	54
1540	137
1540	138
1541	96
1542	68
1543	169
1544	173
1544	26
1545	16
1545	162
1546	204
1547	174
1548	90
1549	179
1550	9
1550	114
1551	199
1551	86
1552	182
1553	120
1554	8
1555	45
1555	151
1556	168
1557	53
1557	30
1558	13
1558	150
1559	63
1559	160
1560	145
1560	146
1561	179
1562	118
1562	144
1563	54
1563	46
1564	38
1565	53
1566	137
1566	43
1567	202
1568	118
1569	119
1569	8
1570	120
1570	122
1571	103
1572	93
1572	160
1573	143
1574	30
1574	163
1575	36
1576	93
1577	199
1578	50
1578	102
1579	118
1580	157
1580	204
1581	96
1581	193
1582	87
1583	109
1583	74
1584	145
1585	106
1586	137
1587	158
1587	134
1588	77
1589	123
1590	189
1591	78
1591	149
1592	93
1593	142
1593	192
1594	114
1595	120
1595	140
1596	49
1596	80
1597	151
1598	43
1599	8
1600	69
1600	54
1601	148
1601	165
1602	121
1602	159
1603	86
1604	140
1604	169
1605	9
1606	31
1607	9
1608	82
1609	115
1609	10
1610	56
1611	149
1611	69
1612	107
1613	201
1614	51
1614	168
1615	43
1615	86
1616	170
1617	187
1618	54
1619	23
1619	184
1620	57
1621	149
1621	97
1622	145
1622	92
1623	176
1623	12
1624	180
1625	195
1625	202
1626	167
1626	57
1627	184
1628	77
1629	66
1629	109
1630	84
1631	57
1631	141
1632	81
1632	109
1633	109
1634	166
1635	84
1636	60
1637	133
1638	47
1639	132
1640	92
1641	193
1641	129
1642	132
1643	27
1644	124
1644	83
1645	176
1645	131
1646	154
1647	203
1648	191
1648	137
1649	135
1649	32
1650	17
1650	11
1651	80
1652	27
1652	122
1653	182
1654	12
1654	40
1655	32
1656	124
1656	83
1657	121
1658	67
1659	195
1660	56
1660	44
1661	30
1662	89
1663	94
1663	134
1664	19
1665	146
1666	144
1666	60
1667	108
1667	186
1668	59
1669	140
1669	58
1670	117
1671	108
1672	204
1672	57
1673	68
1673	52
1674	152
1675	7
1676	49
1676	103
1677	85
1677	104
1678	111
1679	173
1679	59
1680	197
1680	129
1681	61
1681	81
1682	85
1683	81
1683	14
1684	188
1684	190
1685	183
1685	91
1686	181
1687	92
1687	199
1688	8
1688	144
1689	112
1689	178
1690	47
1690	111
1691	145
1691	74
1692	58
1692	6
1693	81
1694	156
1695	195
1696	125
1696	126
1697	96
1697	79
1698	133
1699	17
1700	86
1701	87
1702	172
1703	42
1703	108
1704	145
1704	11
1705	12
1706	138
1707	112
1707	195
1708	168
1708	161
1709	20
1709	52
1710	105
1711	17
1711	101
1712	101
1713	203
1713	8
1714	35
1714	97
1715	19
1715	26
1716	143
1717	166
1718	188
1718	156
1719	128
1719	47
1720	81
1720	17
1721	177
1722	89
1723	187
1724	108
1725	24
1726	66
1727	24
1727	33
1728	102
1728	147
1729	177
1729	112
1730	101
1731	59
1732	130
1733	53
1734	162
1734	5
1735	184
1735	11
1736	44
1737	138
1737	147
1738	128
1739	34
1739	125
1740	111
1741	136
1742	73
1742	181
1743	149
1744	176
1745	43
1746	6
1746	33
1747	192
1747	93
1748	159
1749	28
1750	182
1750	16
1751	199
1751	117
1752	140
1753	142
1753	170
1754	60
1754	200
1755	46
1756	179
1757	160
1758	131
1758	183
1759	53
1760	179
1761	31
1761	94
1762	164
1763	151
1764	43
1765	114
1766	165
1767	160
1768	20
1768	62
1769	190
1770	82
1770	75
1771	8
1771	163
1772	8
1772	177
1773	152
1774	89
1774	158
1775	124
1775	86
1776	175
1777	133
1777	51
1778	155
1779	136
1779	104
1780	69
1780	119
1781	108
1782	154
1783	112
1783	127
1784	74
1785	189
1786	187
1787	204
1787	78
1788	9
1788	64
1789	128
1789	182
1790	182
1790	187
1791	31
1792	200
1792	189
1793	194
1793	163
1794	146
1794	65
1795	126
1795	28
1796	169
1797	178
1798	79
1799	187
1800	33
1800	172
1801	156
1802	69
1803	49
1803	183
1804	140
1804	47
1805	123
1806	71
1806	162
1807	125
1807	7
1808	172
1809	148
1810	127
1811	126
1811	137
1812	46
1812	172
1813	9
1813	36
1814	13
1814	181
1815	71
1815	190
1816	11
1817	102
1817	63
1818	129
1819	60
1820	185
1821	161
1821	144
1822	118
1823	9
1824	155
1824	19
1825	192
1826	153
1827	80
1828	38
1828	15
1829	158
1829	27
1830	117
1831	14
1832	142
1833	114
1833	33
1834	104
1834	187
1835	23
1836	114
1837	20
1837	12
1838	68
1839	145
1839	171
1840	190
1840	150
1841	91
1841	6
1842	26
1843	147
1843	14
1844	72
1844	100
1845	46
1846	155
1847	71
1847	136
1848	96
1848	107
1849	157
1850	108
1850	140
1851	94
1851	25
1852	87
1853	164
1853	182
1854	24
1855	55
1855	76
1856	190
1857	84
1858	29
1858	126
1859	30
1860	174
1860	6
1861	28
1862	125
1862	197
1863	158
1864	90
1864	195
1865	30
1865	109
1866	5
1866	203
1867	39
1867	76
1868	68
1869	26
1870	150
1870	52
1871	33
1872	14
1873	180
1873	192
1874	38
1875	49
1875	67
1876	62
1876	161
1877	96
1877	18
1878	33
1879	16
1879	88
1880	135
1880	84
1881	70
1881	81
1882	44
1882	140
1883	130
1884	30
1884	108
1885	46
1886	98
1887	170
1888	157
1889	81
1890	184
1891	82
1892	114
1893	151
1893	43
1894	111
1894	134
1895	152
1895	165
1896	73
1897	96
1898	154
1898	113
1899	153
1900	43
1900	118
1901	32
1901	156
1902	89
1902	172
1903	120
1904	156
1905	61
1906	54
1906	66
1907	47
1907	111
1908	51
1909	200
1909	149
1910	106
1911	188
1912	203
1912	66
1913	179
1914	200
1915	140
1915	82
1916	67
1917	64
1917	109
1918	186
1918	158
1919	150
1920	36
1920	133
1921	57
1921	34
1922	46
1922	151
1923	150
1924	129
1924	51
1925	97
1925	94
1926	117
1926	193
1927	165
1928	52
1929	134
1930	105
1931	110
1931	203
1932	40
1932	162
1933	5
1933	82
1934	204
1935	127
1935	160
1936	6
1937	127
1938	141
1938	20
1939	199
1940	118
1941	162
1942	95
1943	59
1944	97
1944	38
1945	50
1946	17
1946	193
1947	112
1947	177
1948	35
1948	119
1949	107
1950	157
1950	43
1951	152
1951	76
1952	51
1952	106
1953	121
1954	88
1955	62
1955	84
1956	71
1956	188
1957	109
1957	14
1958	55
1959	190
1959	45
1960	83
1961	81
1961	114
1962	172
1962	55
1963	16
1963	119
1964	145
1964	30
1965	182
1965	90
1966	77
1966	202
1967	70
1968	122
1968	159
1969	115
1970	115
1971	114
1972	119
1972	68
1973	48
1973	91
1974	199
1974	124
1975	166
1975	71
1976	66
1977	129
1977	117
1978	174
1978	70
1979	115
1980	62
1981	115
1981	51
1982	95
1983	97
1983	174
1984	12
1984	51
1985	125
1986	98
1987	82
1988	119
1989	128
1989	70
1990	72
1991	118
1992	54
1993	87
1994	199
1994	65
1995	152
1996	71
1997	178
1998	118
1999	190
2000	153
2001	151
2001	148
2002	93
2003	177
2003	99
2004	58
2005	16
2006	172
2007	72
2007	98
2008	77
2009	45
2009	122
2010	154
2011	34
2012	186
2013	58
2013	97
2014	76
2014	134
2015	89
2016	123
2016	170
2017	181
2018	123
2018	115
2019	199
2020	196
2021	121
2021	151
2022	202
2023	22
2023	195
2024	60
2024	189
2025	186
2025	11
2026	130
2026	84
2027	32
2027	106
2028	151
2029	151
2029	102
2030	170
2030	24
2031	163
2032	130
2033	203
2034	99
2035	110
2036	97
2037	111
2037	152
2038	117
2039	160
2040	85
2040	25
2041	187
2041	185
2042	191
2042	186
2043	48
2044	166
2044	107
2045	18
2045	34
2046	13
2046	22
2047	96
2048	111
2049	137
2050	113
2050	163
2051	165
2052	141
2052	189
2053	91
2054	90
2055	143
2056	108
2056	54
2057	90
2057	179
2058	71
2059	167
2059	124
2060	79
2060	155
2061	112
2062	166
2063	122
2063	60
2064	26
2064	122
2065	57
2066	111
2066	39
2067	169
2067	159
2068	160
2068	64
2069	174
2070	134
2070	10
2071	64
2071	86
2072	170
2072	69
2073	121
2074	53
2074	19
2075	11
2076	42
2077	170
2078	20
2078	139
2079	199
2080	63
2081	46
2081	14
2082	91
2083	126
2084	59
2084	25
2085	28
2086	36
2086	197
2087	37
2088	175
2088	23
2089	66
2090	202
2091	186
2091	40
2092	45
2093	10
2094	157
2095	124
2096	188
2096	67
2097	69
2098	70
2099	88
2099	114
2100	66
2100	183
2101	116
2102	11
2103	22
2104	66
2104	191
2105	6
2106	171
2106	43
2107	90
2108	180
2108	23
2109	143
2109	21
2110	50
2110	194
2111	182
2111	108
2112	198
2113	173
2114	88
2115	37
2116	69
2117	165
2118	160
2118	66
2119	171
2119	63
2120	96
2121	18
2121	170
2122	21
2122	54
2123	135
2124	200
2125	173
2126	182
2127	36
2128	148
2129	106
2130	68
2131	160
2132	84
2133	54
2134	169
2135	119
2136	73
2137	105
2138	5
2139	89
2139	118
2140	191
2140	51
2141	104
2141	134
2142	181
2143	137
2144	52
2144	126
2145	76
2146	172
2146	141
2147	160
2148	30
2148	202
2149	175
2150	54
2150	63
2151	100
2152	105
2153	132
2153	138
2154	139
2155	49
2155	18
2156	174
2156	30
2157	72
2158	200
2158	69
2159	119
2159	89
2160	136
2160	67
2161	160
2161	80
2162	174
2163	20
2163	190
2164	148
2165	61
2166	156
2166	52
2167	79
2168	176
2169	163
2169	177
2170	111
2171	191
2172	29
2172	69
2173	110
2173	91
2174	22
2175	197
2176	172
2176	31
2177	86
2178	98
2179	166
2180	145
2181	148
2182	23
2183	88
2184	164
2184	137
2185	40
2185	189
2186	180
2186	71
2187	54
2187	45
2188	89
2189	122
2190	50
2190	171
2191	192
2191	174
2192	196
2193	117
2194	25
2195	94
2196	134
2196	97
2197	18
2198	180
2198	29
2199	40
2199	161
2200	130
2201	41
2202	64
2203	136
2203	168
2204	24
2204	48
2205	159
2206	116
2206	93
2207	68
2207	65
2208	102
2209	126
2209	164
2210	9
2210	187
2211	115
2211	138
2212	156
2212	201
2213	163
2213	112
2214	95
2215	160
2215	94
2216	153
2216	131
2217	50
2217	27
2218	64
2219	43
2219	150
2220	53
2220	78
2221	159
2221	93
2222	18
2222	67
2223	101
2223	114
2224	159
2225	117
2226	37
2227	200
2228	49
2228	129
2229	144
2230	31
2231	26
2231	162
2232	169
2233	5
2233	47
2234	66
2234	54
2235	120
2235	74
2236	144
2236	136
2237	90
2237	141
2238	118
2239	46
2239	187
2240	199
2240	91
2241	102
2242	77
2243	79
2244	81
2245	156
2245	66
2246	195
2247	195
2247	102
2248	147
2249	76
2250	39
2251	22
2252	118
2252	133
2253	104
2253	175
2254	77
2254	108
2255	116
2256	140
2257	21
2257	165
2258	126
2259	79
2260	73
2260	47
2261	110
2261	160
2262	94
2262	74
2263	164
2264	143
2264	78
2265	159
2266	198
2266	163
2267	91
2268	170
2269	27
2270	91
2271	70
2272	182
2273	188
2274	43
2274	10
2275	130
2276	8
2276	21
2277	48
2277	28
2278	36
2279	57
2279	173
2280	54
2281	19
2282	139
2282	148
2283	199
2283	200
2284	139
2285	49
2286	117
2287	12
2288	117
2288	199
2289	66
2289	153
2290	74
2290	198
2291	97
2292	128
2293	84
2293	48
2294	154
2295	184
2296	140
2296	196
2297	40
2298	193
2298	140
2299	166
2299	156
2300	88
2301	182
2301	129
2302	141
2302	91
2303	92
2303	7
2304	130
2305	103
2306	165
2306	108
2307	29
2307	73
2308	19
2308	96
2309	113
2309	100
2310	35
2310	83
2311	147
2311	101
2312	203
2313	126
2314	152
2315	140
2316	170
2317	150
2318	111
2319	73
2319	18
2320	197
2321	54
2322	183
2322	60
2323	103
2324	193
2324	198
2325	51
2325	12
2326	185
2327	11
2327	175
2328	107
2329	68
2330	71
2331	15
2332	110
2332	172
2333	159
2333	105
2334	192
2334	5
2335	35
2336	173
2336	203
2337	166
2338	201
2339	46
2339	30
2340	59
2341	106
2342	178
2343	79
2343	155
2344	21
2345	84
2346	72
2347	173
2347	110
2348	20
2349	35
2350	48
2351	169
2351	18
2352	102
2353	84
2354	25
2354	32
2355	76
2356	50
2356	46
2357	165
2357	198
2358	89
2358	165
2359	80
2359	10
2360	71
2360	89
2361	93
2361	96
2362	101
2362	75
2363	17
2364	111
2364	200
2365	162
2366	44
2366	114
2367	45
2368	36
2368	185
2369	129
2370	10
2370	23
2371	25
2371	11
2372	141
2373	18
2373	187
2374	90
2375	107
2376	133
2377	17
2377	110
2378	7
2379	201
2379	19
2380	59
2381	60
2381	12
2382	164
2382	72
2383	186
2384	9
2384	179
2385	189
2385	108
2386	59
2387	159
2388	18
2388	140
2389	125
2389	177
2390	109
2391	193
2392	55
2393	29
2394	74
2395	168
2396	177
2396	47
2397	115
2397	153
2398	25
2398	44
2399	173
2400	28
2400	175
2401	186
2402	83
2402	86
2403	28
2403	134
2404	27
2404	133
2405	138
2405	140
2406	31
2407	187
2407	161
2408	50
2408	202
2409	91
2410	187
2411	110
2412	85
2413	86
2413	51
2414	57
2415	88
2415	137
2416	178
2417	69
2418	34
2419	76
2419	169
2420	120
2420	30
2421	204
2422	95
2422	144
2423	179
2424	68
2425	57
2425	159
2426	113
2426	39
2427	36
2427	10
2428	7
2428	189
2429	122
2430	133
2430	56
2431	134
2432	121
2433	78
2433	200
2434	103
2435	200
2435	14
2436	26
2437	83
2437	91
2438	75
2439	93
2440	200
2440	194
2441	101
2442	176
2443	139
2443	129
2444	61
2444	61
2445	79
2446	55
2447	6
2447	36
2448	29
2448	112
2449	53
2450	9
2450	127
2451	86
2452	58
2452	60
2453	34
2453	5
2454	177
2454	198
2455	41
2456	18
2456	132
2457	65
2457	34
2458	120
2459	12
2460	92
2461	11
2461	151
2462	201
2462	84
2463	158
2463	141
2464	156
2465	117
2466	68
2466	35
2467	84
2467	65
2468	146
2468	110
2469	167
2469	30
2470	140
2471	185
2472	194
2472	201
2473	96
2473	52
2474	187
2474	122
2475	186
2476	172
2477	39
2478	31
2479	37
2480	162
2481	89
2482	142
2483	91
2483	133
2484	28
2484	154
2485	91
2486	52
2486	95
2487	102
2487	185
2488	134
2488	29
2489	19
2490	94
2490	191
2491	42
2492	60
2492	19
2493	71
2493	47
2494	187
2495	190
2496	92
2496	109
2497	130
2498	184
2498	202
2499	174
2500	168
2501	49
2501	47
2502	196
2503	78
2504	171
2505	47
2506	201
2507	172
2508	11
2508	63
2509	134
2509	43
2510	167
2510	26
2511	63
2511	189
2512	202
2513	99
2513	88
2514	79
2515	190
2515	71
2516	71
2516	147
2517	170
2518	170
2518	6
2519	14
2519	73
2520	119
2521	175
2522	15
2523	26
2523	191
2524	160
2524	177
2525	7
2526	178
2527	8
2528	28
2528	201
2529	118
2529	117
2530	7
2531	107
2532	63
2533	103
2533	69
2534	77
2535	78
2536	132
2537	189
2537	141
2538	50
2539	186
2540	97
2540	199
2541	174
2541	179
2542	69
2543	128
2544	82
2545	173
2545	105
2546	7
2546	113
2547	200
2548	165
2549	125
2549	85
2550	56
2551	92
2551	20
2552	157
2552	91
2553	81
2553	65
2554	56
2555	130
2555	175
2556	85
2557	50
2558	104
2558	65
2559	74
2559	129
2560	165
2561	134
2562	34
2562	120
2563	124
2564	12
2564	54
2565	71
2566	204
2567	100
2568	96
2569	155
2569	40
2570	50
2571	145
2571	155
2572	187
2573	146
2574	63
2574	85
2575	31
2575	199
2576	188
2576	150
2577	191
2577	19
2578	51
2579	117
2579	184
2580	85
2580	109
2581	27
2581	127
2582	141
2583	80
2584	56
2585	53
2585	178
2586	195
2586	86
2587	192
2588	64
2589	60
2589	113
2590	12
2591	14
2592	200
2593	65
2594	78
2595	64
2596	159
2597	78
2597	91
2598	100
2598	183
2599	185
2599	49
2600	134
2600	57
2601	65
2602	140
2602	85
2603	137
2604	123
2604	156
2605	107
2605	141
2606	27
2606	39
2607	59
2607	196
2608	21
2608	18
2609	52
2609	49
2610	195
2610	186
2611	203
2611	192
2612	7
2612	193
2613	64
2614	129
2615	92
2616	199
2617	176
2618	13
2619	56
2620	190
2621	126
2621	194
2622	109
2622	146
2623	5
2623	71
2624	17
2625	25
2626	45
2626	204
2627	47
2627	14
2628	102
2629	12
2629	12
2630	9
2630	181
2631	189
2631	158
2632	49
2632	113
2633	15
2634	98
2635	27
2636	9
2636	67
2637	82
2638	41
2638	199
2639	43
2640	171
2641	202
2641	151
2642	135
2642	16
2643	200
2643	75
2644	196
2644	156
2645	105
2645	137
2646	78
2646	177
2647	122
2648	59
2648	160
2649	134
2650	63
2650	135
2651	102
2652	22
2653	142
2654	91
2654	53
2655	137
2655	175
2656	169
2656	36
2657	105
2658	109
2659	196
2660	137
2660	116
2661	160
2662	196
2662	93
2663	105
2663	14
2664	13
2665	83
2665	157
2666	135
2666	26
2667	64
2667	58
2668	180
2669	199
2670	72
2671	152
2672	111
2672	31
2673	170
2673	161
2674	120
2675	14
2676	168
2676	136
2677	59
2677	110
2678	94
2679	31
2679	186
2680	29
2680	111
2681	204
2681	112
2682	22
2683	6
2684	102
2684	11
2685	71
2686	130
2687	27
2687	36
2688	157
2689	20
2689	71
2690	187
2691	101
2692	121
2693	87
2693	6
2694	117
2694	39
2695	126
2695	110
2696	75
2697	105
2698	123
2698	40
2699	40
2700	112
2700	202
2701	153
2702	76
2703	174
2703	47
2704	185
2705	11
2705	194
2706	41
2707	166
2707	23
2708	145
2708	164
2709	164
2710	159
2710	179
2711	152
2711	114
2712	91
2713	81
2714	151
2714	98
2715	116
2715	148
2716	179
2717	135
2717	195
2718	99
2719	38
2720	50
2721	72
2721	14
2722	124
2722	150
2723	40
2724	55
2725	171
2726	17
2726	50
2727	138
2727	176
2728	165
2728	56
2729	35
2729	104
2730	90
2731	11
2731	54
2732	77
2732	137
2733	42
2734	202
2734	103
2735	11
2736	99
2736	14
2737	28
2738	89
2738	27
2739	178
2739	95
2740	109
2741	36
2742	133
2742	128
2743	52
2744	12
2745	116
2746	140
2746	129
2747	135
2748	39
2748	21
2749	11
2749	167
2750	32
2750	186
2751	110
2752	91
2753	87
2754	137
2754	20
2755	41
2756	124
2757	82
2758	52
2759	177
2759	87
2760	27
2760	44
2761	24
2762	34
2762	166
2763	98
2764	59
2764	141
2765	192
2766	182
2767	32
2768	48
2768	47
2769	163
2769	14
2770	52
2771	201
2772	126
2772	40
2773	17
2774	78
2775	193
2775	175
2776	60
2777	27
2778	91
2779	63
2779	52
2780	174
2781	126
2781	177
2782	187
2783	179
2784	143
2784	7
2785	105
2785	172
2786	49
2787	80
2787	79
2788	133
2789	75
2789	137
2790	118
2790	32
2791	119
2792	87
2793	83
2793	120
2794	36
2795	18
2796	70
2797	109
2797	164
2798	168
2799	20
2800	197
2800	190
2801	54
2801	30
2802	42
2802	8
2803	23
2803	29
2804	106
2804	190
2805	145
2806	28
2807	131
2808	149
2808	40
2809	142
2810	79
2810	182
2811	159
2812	201
2812	39
2813	176
2814	8
2815	37
2815	115
2816	39
2817	136
2817	27
2818	12
2819	37
2820	150
2821	107
2822	20
2822	89
2823	8
2823	66
2824	134
2825	18
2826	23
2827	161
2828	39
2829	7
2829	102
2830	204
2830	98
2831	98
2832	125
2832	5
2833	63
2833	101
2834	136
2835	46
2835	143
2836	72
2836	136
2837	200
2837	92
2838	154
2838	199
2839	56
2839	188
2840	111
2840	167
2841	147
2841	82
2842	81
2842	78
2843	157
2844	135
2844	102
2845	144
2846	6
2846	64
2847	22
2848	90
2849	116
2849	34
2850	31
2851	191
2852	145
2852	62
2853	132
2854	34
2855	157
2856	146
2857	60
2857	167
2858	166
2858	153
2859	127
2860	50
2860	202
2861	194
2861	142
2862	198
2862	75
2863	141
2863	188
2864	73
2864	72
2865	165
2866	89
2866	145
2867	132
2867	53
2868	69
2869	43
2870	202
2870	18
2871	143
2871	23
2872	79
2872	161
2873	26
2873	85
2874	119
2874	146
2875	85
2876	126
2877	140
2878	18
2878	185
2879	157
2880	46
2880	139
2881	98
2882	75
2882	150
2883	33
2884	76
2885	42
2886	150
2886	181
2887	145
2887	125
2888	41
2889	127
2890	149
2890	88
2891	122
2891	148
2892	181
2892	73
2893	37
2893	123
2894	126
2895	158
2896	103
2897	6
2897	131
2898	83
2898	190
2899	14
2899	18
2900	29
2900	179
2901	51
2901	189
2902	142
2902	8
2903	6
2903	67
2904	101
2905	155
2906	102
2907	78
2907	199
2908	128
2909	68
2909	62
2910	169
2911	202
2911	181
2912	14
2913	134
2914	27
2914	24
2915	17
2915	82
2916	92
2916	194
2917	83
2917	139
2918	136
2918	19
2919	177
2920	42
2921	169
2921	118
2922	62
2923	64
2924	153
2924	148
2925	120
2926	20
2927	103
2927	102
2928	88
2928	34
2929	29
2930	143
2930	181
2931	31
2932	98
2932	37
2933	5
2933	113
2934	96
2934	190
2935	12
2935	117
2936	137
2937	105
2938	120
2939	38
2939	56
2940	173
2940	35
2941	61
2942	128
2942	56
2943	137
2943	82
2944	190
2944	157
2945	82
2945	64
2946	204
2946	18
2947	117
2947	32
2948	38
2948	117
2949	24
2949	29
2950	175
2950	187
2951	140
2952	161
2952	128
2953	152
2953	20
2954	27
2955	192
2956	80
2956	74
2957	41
2957	22
2958	52
2958	138
2959	5
2960	123
2961	51
2961	138
2962	106
2963	113
2964	110
2965	48
2965	168
2966	22
2967	156
2967	146
2968	89
2969	131
2970	49
2971	178
2971	138
2972	121
2973	204
2973	186
2974	5
2975	198
2976	124
2977	105
2977	25
2978	27
2978	108
2979	58
2979	115
2980	7
2980	151
2981	26
2981	165
2982	112
2983	50
2983	29
2984	135
2984	17
2985	118
2986	145
2986	34
2987	55
2988	161
2989	143
2990	11
2991	67
2992	175
2993	109
2993	26
2994	93
2994	50
2995	67
2995	48
2996	127
2997	26
2997	120
2998	68
2998	190
2999	16
3000	10
3001	21
3002	190
3003	6
3004	19
3004	21
3005	158
3005	137
3006	18
3007	131
3007	78
3008	60
3008	109
3009	87
3009	86
3010	40
3011	143
3011	57
3012	95
3013	34
3014	30
3014	57
3015	154
3016	131
3016	146
3017	65
3018	106
3018	47
3019	193
3020	159
3021	149
3021	119
3022	42
3022	88
3023	109
3023	169
3024	139
3025	144
3026	187
3026	96
3027	108
3028	26
3028	113
3029	178
3029	194
3030	138
3031	185
3031	22
3032	46
3032	86
3033	123
3033	23
3034	198
3035	139
3036	204
3036	172
3037	140
3037	123
3038	65
3038	39
3039	188
3039	123
3040	7
3041	171
3041	140
3042	186
3043	73
3043	14
3044	194
3044	92
3045	109
3045	98
3046	42
3046	93
3047	111
3047	72
3048	29
3049	165
3050	89
3051	83
3051	145
3052	59
3052	155
3053	155
3054	43
3054	107
3055	22
3055	101
3056	115
3057	47
3058	136
3059	12
3060	31
3061	11
3061	32
3062	192
3063	84
3063	122
3064	192
3065	68
3066	196
3066	111
3067	135
3068	134
3068	68
3069	73
3070	34
3071	54
3071	199
3072	80
3073	179
3073	98
3074	76
3075	122
3075	36
3076	26
3076	186
3077	137
3077	104
3078	140
3079	93
3080	162
3081	157
3081	81
3082	186
3083	72
3084	86
3085	45
3086	191
3087	122
3087	127
3088	34
3089	122
3090	141
3091	48
3091	60
3092	7
3093	99
3093	63
3094	114
3095	191
3095	72
3096	199
3097	156
3098	200
3099	72
3099	80
3100	5
3100	198
3101	183
3101	13
3102	11
3102	88
3103	120
3104	49
3104	117
3105	62
3105	93
3106	84
3106	13
3107	171
3108	17
3109	106
3109	185
3110	123
3110	43
3111	126
3112	13
3112	40
3113	93
3113	60
3114	59
3115	55
3116	79
3116	20
3117	114
3117	25
3118	164
3118	96
3119	15
3119	84
3120	204
3121	92
3121	84
3122	16
3123	159
3124	188
3124	146
3125	171
3125	192
3126	15
3126	81
3127	91
3127	200
3128	94
3129	8
3130	196
3131	181
3132	75
3132	33
3133	37
3134	144
3135	186
3135	101
3136	172
3136	111
3137	200
3138	22
3139	68
3139	62
3140	21
3141	112
3141	155
3142	120
3142	19
3143	176
3144	94
3144	39
3145	99
3146	108
3146	167
3147	46
3148	110
3149	146
3150	156
3151	130
3151	120
3152	114
3152	102
3153	52
3153	27
3154	158
3155	124
3155	46
3156	183
3157	134
3157	154
3158	65
3159	168
3160	145
3160	71
3161	37
3162	58
3163	204
3164	87
3164	10
3165	161
3166	179
3166	197
3167	187
3168	191
3168	164
3169	26
3169	93
3170	81
3171	200
3171	188
3172	66
3173	123
3174	48
3175	24
3176	43
3177	179
3177	165
3178	48
3179	121
3180	14
3181	138
3181	63
3182	144
3182	103
3183	40
3183	198
3184	176
3184	85
3185	122
3185	179
3186	5
3186	204
3187	87
3187	200
3188	150
3189	179
3189	37
3190	21
3190	142
3191	32
3191	104
3192	21
3193	73
3193	135
3194	19
3195	145
3196	182
3196	174
3197	170
3198	81
3198	67
3199	131
3199	181
3200	25
3200	25
3201	67
3202	111
3202	101
3203	143
3203	176
3204	62
3205	149
3205	95
3206	139
3207	34
3208	11
3209	187
3210	21
3211	80
3211	83
3212	112
3213	87
3213	164
3214	129
3215	53
3215	100
3216	99
3216	186
3217	109
3217	127
3218	11
3219	76
3220	159
3220	18
3221	180
3221	82
3222	79
3223	125
3223	7
3224	71
3224	19
3225	53
3226	153
3226	145
3227	153
3228	61
3229	27
3230	121
3230	6
3231	8
3231	15
3232	145
3233	184
3234	127
3235	181
3235	154
3236	64
3237	145
3238	169
3238	86
3239	189
3240	165
3240	136
3241	118
3241	78
3242	60
3242	29
3243	68
3243	110
3244	9
3244	204
3245	25
3245	147
3246	162
3247	48
3247	141
3248	66
3248	118
3249	103
3250	63
3250	29
3251	16
3252	49
3253	148
3254	111
3254	20
3255	191
3256	130
3256	188
3257	80
3257	115
3258	173
3259	160
3260	149
3260	63
3261	148
3262	191
3262	69
3263	131
3263	15
3264	172
3264	158
3265	50
3265	35
3266	120
3266	135
3267	127
3268	75
3269	56
3270	108
3270	64
3271	72
3272	56
3273	52
3274	184
3274	199
3275	131
3276	149
3277	55
3277	188
3278	129
3279	57
3280	175
3280	151
3281	73
3281	200
3282	99
3282	24
3283	80
3284	193
3284	196
3285	140
3286	116
3287	134
3288	61
3288	15
3289	78
3290	187
3290	197
3291	146
3291	78
3292	22
3293	37
3293	50
3294	48
3294	29
3295	28
3296	99
3297	109
3298	110
3298	55
3299	19
3300	55
3301	98
3301	91
3302	178
3303	119
3303	140
3304	130
3304	113
3305	145
3305	166
3306	147
3307	117
3307	202
3308	150
3308	158
3309	92
3310	178
3310	28
3311	14
3312	83
3313	91
3314	170
3315	177
3315	156
3316	150
3317	52
3318	30
3319	146
3319	177
3320	99
3321	136
3321	89
3322	47
3323	192
3323	61
3324	203
3324	14
3325	204
3326	55
3326	60
3327	14
3327	196
3328	196
3328	158
3329	188
3329	190
3330	127
3330	10
3331	23
3331	70
3332	193
3332	179
3333	93
3334	55
3334	36
3335	75
3335	155
3336	73
3337	71
3338	54
3339	55
3339	15
3340	45
3341	84
3341	29
3342	39
3343	148
3343	132
3344	163
3344	141
3345	119
3345	43
3346	200
3347	200
3348	16
3348	63
3349	59
3349	27
3350	73
3351	172
3351	71
3352	170
3352	53
3353	189
3353	57
3354	18
3355	53
3356	126
3356	124
3357	133
3357	141
3358	203
3359	193
3360	21
3360	169
3361	178
3362	51
3362	45
3363	6
3363	150
3364	61
3365	108
3366	18
3367	63
3367	75
3368	89
3369	152
3370	203
3370	156
3371	76
3372	126
3372	33
3373	144
3373	36
3374	125
3374	9
3375	175
3376	143
3377	108
3378	6
3378	147
3379	6
3380	8
3381	75
3382	174
3382	178
3383	165
3383	174
3384	191
3384	120
3385	147
3385	28
3386	93
3386	164
3387	123
3388	5
3388	42
3389	82
3389	91
3390	188
3391	165
3392	21
3393	42
3394	186
3395	104
3395	116
3396	103
3396	88
3397	44
3397	148
3398	183
3398	119
3399	168
3399	24
3400	47
3400	147
3401	165
3402	189
3403	166
3404	189
3405	173
3405	75
3406	139
3407	16
3407	151
3408	164
3409	164
3409	154
3410	42
3410	172
3411	178
3411	184
3412	23
3412	114
3413	37
3414	193
3415	136
3415	200
3416	145
3416	118
3417	40
3418	117
3419	118
3420	13
3420	149
3421	170
3422	56
3423	18
3424	91
3424	93
3425	166
3425	119
3426	98
3427	139
3428	151
3429	8
3430	142
3430	133
3431	199
3431	151
3432	125
3433	168
3434	83
3435	11
3436	84
3437	193
3437	95
3438	7
3439	42
3439	191
3440	171
3440	181
3441	66
3442	171
3442	8
3443	12
3443	117
3444	155
3444	146
3445	16
3445	121
3446	100
3446	75
3447	135
3448	178
3448	33
3449	176
3449	16
3450	67
3450	16
3451	196
3452	192
3453	47
3454	59
3455	26
3455	24
3456	109
3456	15
3457	37
3457	27
3458	70
3458	121
3459	191
3459	131
3460	109
3461	173
3462	168
3463	39
3463	54
3464	129
3464	188
3465	45
3465	59
3466	166
3467	138
3467	58
3468	185
3469	72
3469	66
3470	123
3471	42
3472	137
3473	17
3474	197
3474	170
3475	48
3475	93
3476	26
3477	180
3477	85
3478	159
3479	199
3479	123
3480	115
3480	51
3481	181
3481	170
3482	118
3483	36
3484	171
3484	136
3485	101
3485	152
3486	133
3486	44
3487	25
3487	39
3488	59
3488	30
3489	72
3490	150
3490	65
3491	36
3492	48
3493	126
3494	94
3495	168
3496	121
3496	101
3497	85
3497	58
3498	133
3499	82
3499	155
3500	153
3500	16
3501	142
3501	141
3502	76
3502	39
3503	116
3503	66
3504	29
3505	32
3506	157
3507	112
3508	108
3509	108
3510	65
3510	171
3511	109
3511	153
3512	76
3513	64
3514	46
3514	31
3515	171
3516	90
3517	141
3517	42
3518	98
3518	153
3519	192
3520	144
3521	25
3521	53
3522	5
3522	31
3523	186
3523	28
3524	67
3524	66
3525	185
3526	83
3526	180
3527	199
3528	171
3529	54
3529	68
3530	173
3530	173
3531	24
3532	37
3533	49
3533	144
3534	163
3535	199
3536	133
3537	97
3538	202
3538	7
3539	164
3539	48
3540	181
3541	13
3541	121
3542	5
3542	173
3543	98
3543	151
3544	162
3544	163
3545	198
3545	83
3546	99
3546	144
3547	104
3548	50
3548	20
3549	27
3550	186
3550	133
3551	104
3551	99
3552	65
3552	202
3553	137
3554	56
3555	79
3556	181
3557	62
3558	58
3559	18
3560	151
3560	83
3561	194
3562	200
3563	203
3563	77
3564	144
3565	129
3566	104
3567	190
3567	146
3568	8
3569	52
3570	114
3570	196
3571	83
3571	87
3572	127
3572	152
3573	48
3573	166
3574	92
3575	25
3576	190
3576	141
3577	178
3578	74
3579	151
3579	22
3580	121
3580	120
3581	137
3581	42
3582	182
3583	160
3583	146
3584	27
3585	174
3585	16
3586	15
3587	122
3588	96
3589	60
3589	183
3590	87
3590	151
3591	18
3592	66
3593	40
3594	152
3594	124
3595	151
3596	100
3597	173
3598	203
3598	136
3599	160
3600	202
3600	128
3601	83
3602	166
3602	135
3603	132
3604	62
3604	23
3605	130
3606	17
3606	84
3607	95
3607	158
3608	157
3609	185
3610	167
3610	117
3611	30
3612	192
3613	145
3614	108
3615	104
3615	84
3616	198
3616	57
3617	150
3617	96
3618	23
3619	163
3620	32
3620	151
3621	32
3621	66
3622	42
3622	86
3623	155
3624	106
3625	99
3625	166
3626	120
3627	72
3627	135
3628	92
3628	121
3629	142
3629	50
3630	8
3631	78
3632	47
3633	33
3634	145
3634	181
3635	110
3635	16
3636	96
3636	55
3637	51
3637	171
3638	66
3639	154
3639	175
3640	74
3641	130
3641	202
3642	56
3642	76
3643	189
3644	162
3644	54
3645	56
3646	17
3646	97
3647	71
3647	159
3648	27
3649	5
3649	121
3650	43
3651	43
3651	196
3652	59
3652	158
3653	93
3653	139
3654	120
3655	151
3655	40
3656	97
3657	179
3658	55
3658	154
3659	34
3659	180
3660	42
3661	67
3662	195
3662	48
3663	63
3663	137
3664	107
3665	194
3665	45
3666	114
3667	33
3667	171
3668	115
3668	99
3669	166
3669	66
3670	83
3670	93
3671	123
3672	188
3672	129
3673	99
3673	93
3674	40
3675	183
3675	130
3676	46
3677	114
3678	5
3679	5
3680	74
3680	203
3681	156
3681	169
3682	70
3683	165
3684	9
3685	75
3685	54
3686	64
3687	115
3688	94
3688	88
3689	75
3690	199
3691	39
3692	130
3693	123
3693	170
3694	127
3694	21
3695	35
3696	61
3697	92
3697	180
3698	190
3698	192
3699	23
3699	88
3700	153
3700	73
3701	182
3702	58
3703	148
3703	189
3704	136
3705	174
3706	157
3706	34
3707	144
3707	188
3708	77
3709	38
3710	9
3711	41
3711	136
3712	133
3713	7
3714	146
3715	147
3716	121
3716	63
3717	105
3717	16
3718	84
3719	44
3719	178
3720	13
3721	203
3722	168
3723	158
3723	76
3724	8
3724	87
3725	54
3725	99
3726	65
3727	43
3728	60
3729	51
3730	168
3731	82
3731	127
3732	104
3733	86
3733	162
3734	183
3735	104
3735	100
3736	198
3736	52
3737	16
3737	129
3738	67
3739	41
3740	44
3741	151
3741	72
3742	92
3742	135
3743	123
3744	134
3744	182
3745	40
3745	150
3746	90
3746	53
3747	163
3747	199
3748	69
3749	145
3750	167
3751	45
3752	37
3753	159
3753	111
3754	50
3755	138
3755	142
3756	194
3756	50
3757	26
3758	34
3758	75
3759	54
3760	103
3760	151
3761	193
3761	68
3762	190
3762	137
3763	34
3763	50
3764	7
3765	145
3766	173
3767	72
3768	7
3768	9
3769	165
3769	57
3770	76
3771	56
3772	15
3772	148
3773	180
3774	193
3775	106
3775	129
3776	167
3777	37
3777	75
3778	113
3779	144
3779	30
3780	37
3781	188
3781	63
3782	164
3782	9
3783	112
3783	187
3784	38
3785	9
3786	51
3787	98
3788	191
3789	5
3790	8
3790	53
3791	204
3791	94
3792	183
3792	126
3793	157
3794	12
3795	119
3796	127
3796	156
3797	190
3797	187
3798	47
3799	5
3799	111
3800	98
3801	126
3801	88
3802	145
3802	128
3803	102
3804	27
3805	165
3806	168
3806	104
3807	64
3807	160
3808	188
3808	6
3809	184
3809	93
3810	150
3810	189
3811	168
3811	189
3812	64
3813	37
3813	184
3814	167
3814	133
3815	61
3815	61
3816	96
3816	106
3817	23
3817	202
3818	162
3819	25
3820	60
3821	182
3821	75
3822	55
3822	136
3823	125
3823	14
3824	39
3824	36
3825	23
3826	88
3826	97
3827	58
3827	152
3828	57
3828	130
3829	44
3830	146
3830	168
3831	157
3831	118
3832	152
3832	70
3833	204
3834	76
3835	189
3835	188
3836	139
3837	61
3838	179
3838	19
3839	45
3840	117
3841	160
3841	193
3842	172
3843	15
3843	104
3844	204
3845	146
3845	127
3846	197
3846	90
3847	23
3848	6
3848	104
3849	77
3850	156
3851	190
3851	77
3852	142
3853	133
3853	125
3854	63
3854	147
3855	170
3856	180
3856	85
3857	56
3858	204
3858	119
3859	168
3860	77
3860	179
3861	148
3862	88
3863	189
3863	83
3864	27
3864	85
3865	94
3865	197
3866	26
3866	10
3867	82
3868	202
3868	96
3869	57
3870	200
3871	197
3871	54
3872	192
3872	121
3873	31
3873	102
3874	137
3875	145
3875	118
3876	7
3877	164
3877	46
3878	154
3879	20
3879	198
3880	93
3881	181
3881	115
3882	172
3882	25
3883	98
3883	117
3884	165
3885	144
3885	135
3886	112
3886	142
3887	78
3888	5
3889	112
3889	192
3890	80
3891	98
3892	184
3893	152
3893	176
3894	133
3895	83
3895	27
3896	46
3896	139
3897	26
3898	115
3899	202
3900	195
3900	105
3901	13
3901	41
3902	99
3902	179
3903	114
3903	139
3904	33
3905	157
3905	199
3906	6
3906	86
3907	173
3908	7
3908	64
3909	77
3910	56
3911	69
3911	31
3912	125
3913	104
3913	127
3914	163
3915	95
3915	119
3916	71
3917	102
3917	191
3918	38
3919	21
3919	162
3920	135
3920	156
3921	68
3921	129
3922	160
3922	113
3923	185
3923	87
3924	49
3925	20
3926	181
3927	168
3928	53
3928	63
3929	92
3929	39
3930	160
3931	21
3931	22
3932	137
3933	7
3934	150
3935	73
3935	79
3936	77
3937	21
3938	120
3939	143
3940	81
3941	170
3942	29
3942	30
3943	92
3943	28
3944	41
3944	181
3945	71
3946	155
3946	18
3947	68
3948	157
3949	134
3950	19
3951	65
3951	176
3952	109
3953	97
3953	89
3954	99
3954	66
3955	46
3956	165
3957	64
3958	112
3959	195
3959	69
3960	71
3960	68
3961	171
3962	30
3963	30
3963	107
3964	22
3964	28
3965	171
3966	104
3967	129
3967	54
3968	56
3968	32
3969	132
3969	173
3970	182
3971	75
3971	87
3972	5
3972	14
3973	147
3974	31
3975	33
3976	16
3977	126
3978	144
3978	5
3979	112
3979	104
3980	87
3981	94
3981	80
3982	100
3983	179
3984	59
3985	14
3986	26
3986	195
3987	151
3987	102
3988	142
3989	10
3989	173
3990	204
3991	7
3992	161
3992	142
3993	17
3994	91
3995	150
3995	132
3996	194
3996	41
3997	141
3997	88
3998	23
3999	40
4000	204
4001	103
4001	23
4002	146
4003	103
4003	40
4004	75
4005	137
4005	6
4006	98
4007	6
4007	14
4008	118
4008	105
4009	79
4009	77
4010	43
4010	27
4011	131
4012	69
4013	99
4014	108
4014	90
4015	88
4015	160
4016	40
4016	106
4017	29
4018	32
4018	161
4019	181
4020	103
4020	61
4021	55
4022	194
4022	98
4023	44
4024	160
4025	95
4025	75
4026	160
4026	192
4027	148
4027	137
4028	32
4029	10
4030	105
4030	139
4031	55
4032	19
4033	135
4034	94
4035	27
4035	163
4036	110
4036	159
4037	200
4038	24
4038	160
4039	192
4039	76
4040	54
4040	18
4041	204
4041	127
4042	142
4043	100
4044	134
4045	99
4046	149
4046	161
4047	117
4048	186
4048	60
4049	77
4050	126
4050	20
4051	49
4051	52
4052	156
4052	138
4053	135
4053	119
4054	171
4055	72
4055	189
4056	21
4056	63
4057	179
4058	60
4058	179
4059	11
4059	39
4060	73
4061	164
4061	65
4062	95
4062	143
4063	89
4063	112
4064	36
4064	45
4065	68
4066	31
4067	89
4068	7
4069	162
4069	106
4070	129
4070	56
4071	103
4072	167
4072	69
4073	22
4074	151
4075	72
4076	51
4076	81
4077	122
4078	24
4079	71
4079	63
4080	13
4080	145
4081	130
4081	11
4082	172
4082	96
4083	203
4084	39
4085	98
4086	138
4087	203
4087	11
4088	51
4089	111
4089	81
4090	178
4090	153
4091	101
4092	164
4092	97
4093	97
4094	51
4095	51
4096	117
4096	142
4097	93
4097	97
4098	148
4098	130
4099	12
4099	156
4100	101
4101	89
4102	100
4102	132
4103	123
4103	94
4104	120
4104	86
4105	162
4105	165
4106	122
4107	102
4108	203
4109	32
4109	93
4110	29
4111	31
4111	48
4112	198
4113	73
4114	35
4114	121
4115	184
4116	35
4116	22
4117	188
4118	90
4119	78
4119	123
4120	42
4120	58
4121	10
4122	54
4122	41
4123	151
4124	198
4124	139
4125	197
4125	29
4126	91
4127	109
4128	172
4129	175
4129	167
4130	159
4131	188
4131	70
4132	138
4132	69
4133	188
4134	133
4135	86
4135	54
4136	82
4136	66
4137	136
4138	62
4139	162
4139	152
4140	117
4140	125
4141	9
4142	68
4143	197
4143	141
4144	94
4145	22
4146	20
4147	175
4148	29
4149	89
4150	132
4151	60
4152	186
4152	138
4153	52
4154	124
4154	21
4155	51
4156	38
4156	154
4157	77
4158	164
4159	166
4160	55
4160	113
4161	114
4162	66
4162	108
4163	43
4164	150
4165	106
4165	6
4166	26
4167	80
4167	76
4168	67
4168	121
4169	105
4170	66
4171	22
4172	174
4173	172
4173	103
4174	142
4175	98
4175	104
4176	9
4176	121
4177	133
4177	191
4178	9
4179	184
4180	41
4180	47
4181	118
4182	43
4182	124
4183	42
4184	203
4185	74
4185	98
4186	192
4187	47
4187	169
4188	42
4189	32
4190	58
4190	45
4191	176
4191	55
4192	32
4193	203
4193	70
4194	50
4195	108
4195	188
4196	83
4197	6
4197	183
4198	170
4198	101
4199	81
4199	182
4200	201
4201	34
4201	170
4202	5
4203	68
4204	108
4205	177
4206	65
4206	32
4207	94
4207	6
4208	125
4208	72
4209	132
4209	85
4210	102
4210	143
4211	56
4212	12
4213	110
4213	165
4214	32
4214	142
4215	70
4216	52
4216	62
4217	202
4218	137
4219	138
4219	181
4220	45
4220	100
4221	112
4221	149
4222	96
4223	144
4224	113
4225	197
4226	52
4226	119
4227	198
4227	84
4228	33
4228	75
4229	29
4229	115
4230	162
4231	183
4231	26
4232	202
4232	66
4233	189
4234	184
4235	7
4235	140
4236	46
4236	125
4237	198
4238	99
4238	157
4239	114
4239	28
4240	98
4241	54
4241	14
4242	147
4243	41
4244	129
4244	129
4245	86
4246	38
4246	85
4247	33
4248	197
4249	94
4249	41
4250	170
4250	176
4251	5
4251	72
4252	13
4253	160
4253	9
4254	137
4255	154
4255	41
4256	186
4256	70
4257	52
4257	44
4258	134
4259	187
4260	113
4261	71
4262	52
4262	156
4263	99
4263	75
4264	87
4265	139
4265	34
4266	90
4267	107
4267	113
4268	6
4269	84
4269	29
4270	137
4271	106
4272	121
4272	21
4273	69
4274	25
4275	5
4276	176
4276	17
4277	64
4277	124
4278	92
4278	68
4279	118
4280	178
4280	194
4281	128
4282	149
4282	56
4283	63
4284	187
4285	144
4286	64
4286	54
4287	152
4287	12
4288	174
4289	108
4289	71
4290	76
4291	31
4292	44
4293	86
4294	102
4295	185
4296	112
4296	121
4297	140
4298	104
4299	18
4299	23
4300	107
4301	25
4302	60
4303	196
4304	196
4305	42
4305	128
4306	88
4307	86
4307	30
4308	46
4308	186
4309	89
4309	38
4310	120
4310	170
4311	43
4312	138
4312	78
4313	15
4313	152
4314	177
4315	41
4316	51
4317	165
4317	171
4318	164
4319	99
4320	5
4321	47
4321	94
4322	8
4323	160
4323	101
4324	65
4324	192
4325	203
4325	154
4326	26
4327	72
4327	78
4328	179
4328	109
4329	149
4329	48
4330	115
4331	189
4332	130
4333	22
4333	86
4334	65
4335	123
4335	45
4336	198
4337	36
4337	39
4338	159
4339	126
4340	171
4340	80
4341	48
4342	108
4343	182
4343	194
4344	39
4344	6
4345	16
4346	158
4347	33
4347	76
4348	50
4349	36
4349	191
4350	70
4350	166
4351	200
4352	20
4352	196
4353	98
4353	80
4354	88
4355	136
4355	49
4356	29
4356	110
4357	86
4358	88
4359	198
4359	103
4360	93
4361	29
4361	192
4362	172
4362	149
4363	69
4364	74
4364	168
4365	74
4366	190
4366	105
4367	171
4368	156
4368	115
4369	117
4370	80
4371	8
4372	172
4372	140
4373	92
4374	145
4374	6
4375	17
4375	141
4376	39
4377	141
4378	85
4378	198
4379	121
4379	57
4380	169
4381	29
4381	81
4382	172
4382	162
4383	191
4383	144
4384	97
4385	204
4386	99
4386	59
4387	8
4388	176
4389	173
4390	46
4390	136
4391	116
4392	175
4392	204
4393	14
4393	173
4394	140
4395	32
4396	119
4397	201
4398	99
4399	173
4400	128
4400	142
4401	191
4402	69
4403	124
4403	84
4404	201
4404	122
4405	146
4406	73
4407	194
4408	79
4409	91
4410	139
4410	191
4411	103
4412	20
4412	47
4413	196
4414	198
4415	41
4416	184
4417	57
4418	22
4419	156
4420	112
4420	163
4421	129
4421	28
4422	77
4423	90
4424	166
4424	42
4425	85
4426	66
4427	36
4427	121
4428	168
4428	96
4429	101
4430	66
4430	29
4431	48
4432	112
4432	119
4433	183
4433	163
4434	123
4435	158
4435	190
4436	167
4437	43
4437	74
4438	85
4439	160
4439	130
4440	126
4441	182
4441	20
4442	169
4443	80
4443	39
4444	166
4445	57
4446	76
4447	154
4447	122
4448	137
4449	103
4450	96
4450	42
4451	25
4451	176
4452	45
4452	63
4453	32
4454	138
4454	193
4455	114
4456	183
4457	156
4458	52
4459	9
4460	40
4461	93
4461	8
4462	49
4462	15
4463	35
4463	10
4464	203
4464	78
4465	156
4465	82
4466	32
4466	141
4467	172
4467	16
4468	125
4469	160
4469	23
4470	140
4471	76
4471	32
4472	192
4473	121
4473	108
4474	133
4475	199
4476	192
4476	97
4477	199
4478	47
4479	138
4479	115
4480	150
4480	106
4481	179
4481	32
4482	72
4482	168
4483	128
4484	162
4484	89
4485	12
4486	15
4487	104
4487	136
4488	154
4489	49
4489	146
4490	36
4491	186
4492	48
4492	159
4493	43
4494	107
4495	153
4496	93
4496	66
4497	47
4497	97
4498	176
4498	125
4499	36
4500	96
4500	83
4501	200
4502	73
4503	97
4504	55
4505	181
4505	149
4506	15
4507	58
4508	156
4509	54
4510	94
4510	30
4511	191
4511	42
4512	132
4512	80
4513	58
4514	183
4515	115
4515	111
4516	37
4517	8
4518	74
4519	98
4519	159
4520	96
4521	6
4521	164
4522	73
4523	55
4523	106
4524	86
4525	182
4525	73
4526	10
4526	40
4527	184
4527	73
4528	165
4528	56
4529	16
4530	161
4530	5
4531	192
4531	100
4532	111
4532	157
4533	139
4533	22
4534	185
4534	149
4535	21
4535	90
4536	68
4536	49
4537	73
4538	177
4538	178
4539	21
4539	33
4540	119
4540	70
4541	141
4541	14
4542	16
4543	112
4543	158
4544	28
4544	142
4545	62
4545	68
4546	106
4547	174
4548	68
4549	19
4549	160
4550	75
4551	132
4551	17
4552	23
4553	44
4553	69
4554	111
4554	24
4555	8
4555	97
4556	72
4557	75
4558	121
4558	20
4559	134
4559	32
4560	77
4560	67
4561	74
4561	98
4562	87
4563	69
4564	163
4564	125
4565	46
4565	26
4566	66
4567	166
4568	105
4568	174
4569	21
4570	191
4571	46
4572	177
4573	116
4574	97
4574	50
4575	39
4575	91
4576	189
4576	47
4577	198
4577	135
4578	80
4578	30
4579	59
4580	145
4580	75
4581	65
4582	92
4582	108
4583	42
4583	49
4584	58
4584	16
4585	141
4586	149
4586	148
4587	21
4587	89
4588	119
4588	189
4589	170
4589	168
4590	58
4591	87
4592	11
4593	111
4594	177
4594	116
4595	123
4595	173
4596	59
4596	30
4597	22
4597	103
4598	97
4599	159
4600	200
4601	12
4602	134
4603	25
4604	146
4604	151
4605	160
4606	199
4606	159
4607	55
4607	192
4608	155
4609	104
4609	105
4610	41
4611	111
4611	58
4612	96
4613	55
4614	114
4614	13
4615	194
4615	120
4616	57
4617	41
4618	141
4619	183
4620	149
4621	110
4621	171
4622	191
4622	119
4623	152
4624	81
4625	72
4626	189
4627	76
4627	163
4628	66
4629	44
4629	84
4630	90
4631	45
4631	126
4632	19
4633	143
4633	44
4634	141
4635	71
4636	161
4637	57
4638	134
4638	193
4639	82
4640	39
4640	198
4641	6
4641	69
4642	86
4642	172
4643	65
4643	120
4644	31
4645	204
4646	27
4647	25
4648	155
4649	182
4650	146
4650	123
4651	188
4651	155
4652	28
4652	204
4653	151
4654	60
4654	8
4655	190
4656	35
4657	74
4657	116
4658	91
4658	129
4659	49
4660	8
4660	29
4661	54
4662	23
4663	134
4663	67
4664	126
4665	151
4666	126
4666	131
4667	101
4667	171
4668	38
4669	23
4670	106
4670	115
4671	86
4671	75
4672	16
4673	160
4674	8
4674	193
4675	77
4676	11
4677	145
4678	56
4678	179
4679	116
4679	83
4680	8
4680	47
4681	23
4682	48
4682	65
4683	187
4684	113
4684	174
4685	48
4685	67
4686	167
4687	163
4687	101
4688	116
4688	121
4689	174
4690	43
4691	112
4692	40
4693	203
4693	142
4694	176
4695	104
4696	114
4697	147
4697	36
4698	152
4699	24
4700	72
4701	152
4702	87
4703	7
4704	123
4704	53
4705	75
4705	158
4706	37
4706	98
4707	131
4707	82
4708	115
4708	174
4709	172
4709	56
4710	172
4710	93
4711	83
4712	104
4713	173
4714	21
4715	57
4716	111
4716	167
4717	121
4718	195
4718	162
4719	167
4720	128
4720	199
4721	131
4722	32
4722	108
4723	178
4724	30
4725	93
4725	8
4726	83
4727	23
4727	136
4728	159
4728	6
4729	139
4730	160
4731	198
4731	57
4732	99
4732	106
4733	153
4734	168
4735	133
4736	34
4737	38
4737	5
4738	186
4739	8
4739	174
4740	104
4740	121
4741	39
4742	127
4743	115
4743	194
4744	116
4744	191
4745	24
4745	180
4746	188
4746	77
4747	156
4747	204
4748	30
4748	130
4749	20
4750	126
4751	73
4751	22
4752	204
4752	149
4753	80
4753	23
4754	146
4754	165
4755	66
4756	41
4757	111
4757	147
4758	28
4759	143
4759	40
4760	37
4760	128
4761	112
4761	36
4762	10
4763	25
4764	52
4764	22
4765	10
4766	83
4767	62
4768	164
4769	186
4770	158
4771	114
4772	143
4773	128
4773	179
4774	67
4775	192
4775	88
4776	175
4776	7
4777	186
4777	80
4778	126
4778	196
4779	171
4779	161
4780	81
4781	7
4782	200
4782	85
4783	185
4783	52
4784	84
4785	27
4785	48
4786	139
4786	193
4787	53
4787	125
4788	57
4789	18
4789	38
4790	133
4790	199
4791	155
4792	189
4793	55
4794	101
4794	160
4795	59
4795	110
4796	153
4796	37
4797	115
4797	164
4798	31
4799	99
4799	47
4800	190
4800	94
4801	133
4801	69
4802	68
4802	13
4803	99
4803	145
4804	110
4805	53
4805	112
4806	113
4807	106
4807	130
4808	73
4809	98
4809	33
4810	141
4811	88
4812	10
4813	144
4814	64
4814	117
4815	114
4815	17
4816	23
4817	38
4818	180
4819	193
4819	196
4820	33
4821	179
4822	75
4822	194
4823	185
4824	17
4824	116
4825	34
4826	159
4826	20
4827	148
4828	118
4828	51
4829	162
4829	203
4830	175
4831	46
4832	186
4832	141
4833	59
4834	88
4834	118
4835	117
4836	143
4837	200
4838	107
4839	76
4840	84
4841	109
4841	176
4842	99
4842	127
4843	193
4843	93
4844	62
4845	62
4846	13
4846	5
4847	159
4847	47
4848	61
4849	129
4850	180
4850	58
4851	88
4852	176
4853	50
4853	7
4854	160
4854	69
4855	14
4856	106
4856	171
4857	177
4857	153
4858	100
4859	9
4860	156
4860	160
4861	165
4861	204
4862	113
4863	203
4864	136
4865	140
4865	170
4866	34
4866	191
4867	187
4868	49
4869	145
4870	66
4871	100
4872	170
4872	24
4873	16
4874	14
4875	182
4876	84
4877	90
4877	117
4878	138
4878	17
4879	163
4879	83
4880	104
4880	94
4881	71
4882	67
4882	198
4883	178
4883	201
4884	98
4885	81
4885	168
4886	132
4886	51
4887	68
4888	121
4888	80
4889	106
4889	157
4890	96
4890	181
4891	170
4891	169
4892	23
4893	10
4893	110
4894	197
4894	30
4895	152
4895	95
4896	94
4897	200
4898	80
4898	19
4899	171
4899	111
4900	119
4900	16
4901	158
4901	100
4902	123
4902	202
4903	164
4904	34
4904	60
4905	67
4905	50
4906	26
4907	85
4908	62
4908	165
4909	66
4909	195
4910	203
4911	202
4912	23
4912	122
4913	14
4913	36
4914	147
4914	183
4915	183
4915	57
4916	140
4917	12
4917	53
4918	77
4919	124
4919	17
4920	9
4920	124
4921	86
4921	65
4922	185
4923	140
4923	201
4924	108
4924	141
4925	32
4925	114
4926	13
4927	197
4928	50
4929	181
4930	177
4931	9
4932	136
4932	203
4933	84
4934	87
4935	187
4936	157
4936	128
4937	71
4938	125
4938	100
4939	194
4939	17
4940	56
4941	133
4941	25
4942	102
4943	137
4943	19
4944	122
4945	130
4946	54
4946	146
4947	128
4948	85
4949	22
4949	78
4950	92
4950	36
4951	107
4952	38
4953	111
4954	151
4955	68
4955	88
4956	166
4956	136
4957	18
4958	101
4959	103
4959	141
4960	163
4961	24
4962	19
4962	167
4963	178
4963	39
4964	69
4965	134
4966	159
4967	111
4967	74
4968	19
4969	137
4970	136
4970	72
4971	204
4971	36
4972	60
4973	22
4974	160
4974	190
4975	100
4976	47
4977	24
4977	5
4978	183
4978	26
4979	114
4979	188
4980	33
4981	58
4981	52
4982	136
4983	39
4983	176
4984	49
4985	30
4985	153
4986	152
4986	164
4987	148
4987	118
4988	138
4988	61
4989	112
4989	155
4990	7
4990	141
4991	44
4991	11
4992	121
4993	91
4993	75
4994	92
4994	151
4995	97
4995	22
4996	124
4996	161
4997	49
4997	133
4998	185
4999	79
5000	181
