spacing_id	card_id	s_interval	ef
1	13	8	1.75
2	13	7	2.404
3	13	6	1.138
4	13	8	2.268
5	13	7	2.097
6	14	5	2.121
7	14	6	2.164
8	14	9	2.107
9	14	6	1.4
10	14	9	1.828
11	15	6	2.159
12	15	7	2.002
13	15	5	2.072
14	15	8	1.888
15	15	5	2.459
16	16	9	2.174
17	16	8	2.119
18	16	9	2.204
19	16	5	2.225
20	16	7	1.143
21	17	9	2.116
22	17	5	1.502
23	17	5	2.383
24	17	5	2.45
25	17	5	1.31
26	18	5	1.553
27	18	6	1.231
28	18	7	1.207
29	18	7	1.754
30	18	9	2.141
31	19	9	1.632
32	19	8	1.635
33	19	9	2.414
34	19	9	1.162
35	19	7	2.011
36	20	5	1.821
37	20	9	2.163
38	20	7	1.77
39	20	8	1.218
40	20	5	1.921
41	21	6	2.411
42	21	8	2.086
43	21	9	1.49
44	21	5	1.857
45	21	8	1.276
46	22	5	2.332
47	22	9	1.139
48	22	7	1.742
49	22	6	1.614
50	22	5	1.676
51	23	6	1.727
52	23	8	1.377
53	23	5	1.158
54	23	9	1.279
55	23	9	1.345
56	24	6	1.742
57	24	5	1.979
58	24	7	1.54
59	24	9	1.234
60	24	9	1.66
61	25	6	2.219
62	25	7	1.253
63	25	5	1.827
64	25	8	2.122
65	25	5	2.099
66	26	5	2.035
67	26	9	1.395
68	26	5	1.465
69	26	8	2.356
70	26	7	2.326
71	27	6	1.736
72	27	5	2.293
73	27	7	1.979
74	27	7	1.549
75	27	6	1.182
76	28	6	1.943
77	28	5	1.366
78	28	9	2.215
79	28	9	1.242
80	28	9	1.168
81	29	6	2.229
82	29	7	2.028
83	29	6	2.484
84	29	8	2.474
85	29	6	2.394
86	30	6	1.607
87	30	8	1.876
88	30	8	1.559
89	30	6	2.351
90	30	9	2.237
91	31	9	2.206
92	31	7	1.829
93	31	6	1.371
94	31	7	2.377
95	31	8	1.638
96	32	8	1.421
97	32	6	2.335
98	32	5	1.755
99	32	7	2.129
100	32	6	1.372
101	33	9	1.212
102	33	9	2.255
103	33	5	1.21
104	33	5	2.117
105	33	6	1.209
106	34	9	1.573
107	34	7	2.25
108	34	7	2.253
109	34	7	1.604
110	34	8	2.348
111	35	7	1.532
112	35	5	1.877
113	35	7	1.684
114	35	5	1.376
115	35	8	1.584
116	36	7	1.675
117	36	5	1.846
118	36	7	1.634
119	36	6	1.417
120	36	5	1.791
121	37	5	1.964
122	37	5	2.186
123	37	8	2.397
124	37	9	1.925
125	37	5	1.8
126	38	5	1.957
127	38	9	1.423
128	38	8	1.16
129	38	7	1.916
130	38	5	2.227
131	39	7	2.16
132	39	7	2.298
133	39	9	2.286
134	39	6	1.398
135	39	6	2.124
136	40	8	1.202
137	40	7	1.149
138	40	6	1.759
139	40	5	2.217
140	40	7	2.396
141	41	6	1.629
142	41	5	1.11
143	41	9	2.018
144	41	7	1.569
145	41	7	1.604
146	42	5	1.59
147	42	9	1.607
148	42	8	1.915
149	42	6	2.019
150	42	9	2.078
151	43	5	2.118
152	43	5	1.487
153	43	5	1.418
154	43	5	1.319
155	43	9	2.037
156	44	8	1.624
157	44	5	1.261
158	44	6	1.196
159	44	7	1.885
160	44	9	1.742
161	45	7	1.341
162	45	8	1.284
163	45	7	1.394
164	45	5	1.314
165	45	5	2.173
166	46	5	2.043
167	46	6	1.191
168	46	9	2.41
169	46	5	2.107
170	46	8	2.392
171	47	5	1.929
172	47	5	1.717
173	47	5	1.664
174	47	5	2.064
175	47	5	1.397
176	48	5	1.306
177	48	5	1.8
178	48	6	1.776
179	48	6	1.151
180	48	8	2.038
181	49	7	1.681
182	49	9	2.191
183	49	5	1.694
184	49	5	1.698
185	49	9	1.487
186	50	7	1.575
187	50	5	1.37
188	50	7	2.263
189	50	8	2.301
190	50	6	1.7
191	51	7	1.214
192	51	7	2.319
193	51	7	1.797
194	51	7	2.446
195	51	7	2.335
196	52	5	2.155
197	52	5	1.999
198	52	9	2.22
199	52	8	2.38
200	52	6	1.715
201	53	9	2.151
202	53	7	1.412
203	53	6	1.959
204	53	7	1.976
205	53	6	2.174
206	54	6	1.844
207	54	9	1.646
208	54	5	1.693
209	54	8	1.29
210	54	6	2.249
211	55	7	1.281
212	55	5	2.475
213	55	6	1.421
214	55	8	1.431
215	55	6	1.217
216	56	6	1.956
217	56	6	2.319
218	56	7	1.381
219	56	6	1.315
220	56	9	1.627
221	57	9	1.551
222	57	6	2.105
223	57	8	2.491
224	57	8	1.678
225	57	7	2.463
226	58	6	1.886
227	58	6	2.192
228	58	6	2.182
229	58	5	2.072
230	58	5	1.8
231	59	7	2.09
232	59	8	2.495
233	59	7	2.133
234	59	8	1.208
235	59	5	1.303
236	60	6	2.176
237	60	6	1.886
238	60	7	1.866
239	60	9	1.172
240	60	8	1.814
241	61	7	1.763
242	61	8	2.387
243	61	8	2.386
244	61	9	1.531
245	61	9	1.149
246	62	6	1.813
247	62	9	1.673
248	62	5	1.581
249	62	5	2.255
250	62	5	2.147
251	63	5	2.298
252	63	6	1.444
253	63	7	2.264
254	63	6	2.035
255	63	9	2.144
256	64	8	2.325
257	64	7	1.184
258	64	9	1.7
259	64	5	1.38
260	64	8	1.206
261	65	6	2.248
262	65	5	1.85
263	65	6	2.091
264	65	7	2.414
265	65	7	1.197
266	66	6	1.478
267	66	8	1.18
268	66	8	1.57
269	66	7	1.227
270	66	6	1.394
271	67	5	2.126
272	67	6	1.199
273	67	5	1.951
274	67	5	1.754
275	67	5	2.177
276	68	8	2.064
277	68	8	1.266
278	68	6	2.486
279	68	8	1.964
280	68	5	1.565
281	69	5	1.567
282	69	5	1.659
283	69	5	1.243
284	69	8	2.139
285	69	6	1.272
286	70	8	1.447
287	70	9	1.785
288	70	7	2.483
289	70	7	1.549
290	70	6	1.694
291	71	9	1.623
292	71	5	2.173
293	71	8	2.35
294	71	5	2.105
295	71	7	1.681
296	72	6	1.738
297	72	5	2.296
298	72	6	1.473
299	72	8	1.251
300	72	8	2.13
301	73	9	2.136
302	73	7	1.977
303	73	8	1.303
304	73	8	1.642
305	73	8	2.317
306	74	8	1.611
307	74	8	1.96
308	74	5	1.481
309	74	8	2.393
310	74	7	1.487
311	75	5	1.283
312	75	8	1.634
313	75	7	1.38
314	75	8	1.918
315	75	8	2.465
316	76	7	1.538
317	76	9	1.384
318	76	7	1.883
319	76	8	1.741
320	76	6	1.78
321	77	6	1.28
322	77	5	2.081
323	77	7	1.878
324	77	6	1.534
325	77	9	1.263
326	78	7	2.239
327	78	9	2.445
328	78	9	2.474
329	78	6	1.365
330	78	9	2.326
331	79	5	2.283
332	79	9	2.101
333	79	9	1.16
334	79	7	1.174
335	79	9	2.442
336	80	8	1.94
337	80	5	1.318
338	80	7	1.923
339	80	8	1.43
340	80	6	1.565
341	81	8	1.434
342	81	8	2.454
343	81	6	2.35
344	81	6	1.596
345	81	6	1.314
346	82	5	1.495
347	82	8	2.284
348	82	5	2.434
349	82	9	2.362
350	82	7	1.371
351	83	5	2.328
352	83	8	1.881
353	83	8	1.628
354	83	8	1.446
355	83	9	1.413
356	84	9	1.494
357	84	8	1.461
358	84	6	1.714
359	84	5	2.008
360	84	8	1.432
361	85	9	2.417
362	85	6	2.252
363	85	7	1.717
364	85	6	2.372
365	85	5	1.654
366	86	6	1.593
367	86	6	1.475
368	86	7	1.239
369	86	7	1.783
370	86	5	1.227
371	87	6	1.502
372	87	9	2.251
373	87	5	1.745
374	87	8	1.578
375	87	9	1.574
376	88	9	2.371
377	88	5	1.88
378	88	6	1.648
379	88	8	1.587
380	88	6	2.371
381	89	7	2.488
382	89	8	1.264
383	89	8	1.404
384	89	9	2.272
385	89	6	1.848
386	90	7	2.085
387	90	7	2.223
388	90	5	1.449
389	90	6	1.851
390	90	5	1.333
391	91	8	2.437
392	91	9	1.839
393	91	6	1.832
394	91	6	1.621
395	91	8	1.215
396	92	6	2.332
397	92	7	1.977
398	92	9	2.006
399	92	9	1.662
400	92	7	2.263
401	93	5	1.131
402	93	7	1.247
403	93	7	2.329
404	93	6	1.673
405	93	5	1.568
406	94	8	1.845
407	94	8	1.246
408	94	8	1.473
409	94	6	1.582
410	94	7	2.299
411	95	5	2.118
412	95	7	1.811
413	95	7	1.599
414	95	9	2.039
415	95	6	1.717
416	96	7	1.548
417	96	8	1.388
418	96	6	1.468
419	96	5	2.115
420	96	7	1.442
421	97	8	1.623
422	97	5	2.053
423	97	5	1.685
424	97	6	1.567
425	97	7	2.398
426	98	8	2.337
427	98	7	2.002
428	98	8	2.178
429	98	7	2.368
430	98	6	1.485
431	99	7	1.2
432	99	9	1.904
433	99	9	1.735
434	99	7	2.13
435	99	6	2.095
436	100	6	1.165
437	100	9	1.436
438	100	6	1.941
439	100	9	2.151
440	100	9	2.018
441	101	6	1.885
442	101	7	1.627
443	101	9	2.32
444	101	7	1.147
445	101	6	2.356
446	102	9	2.28
447	102	7	1.669
448	102	7	1.579
449	102	9	1.473
450	102	9	1.848
451	103	6	1.645
452	103	8	2.341
453	103	9	1.571
454	103	9	2.472
455	103	7	1.164
456	104	9	1.275
457	104	5	2.231
458	104	9	2.283
459	104	5	1.825
460	104	9	2.489
461	105	5	2.064
462	105	5	1.209
463	105	5	1.763
464	105	7	1.703
465	105	5	2.422
466	106	5	2.019
467	106	9	1.338
468	106	6	1.76
469	106	5	1.817
470	106	7	1.407
471	107	9	1.364
472	107	9	2.169
473	107	7	1.355
474	107	7	1.664
475	107	7	1.657
476	108	7	2.482
477	108	9	1.142
478	108	8	1.336
479	108	5	1.89
480	108	6	1.328
481	109	7	1.238
482	109	6	1.83
483	109	9	1.676
484	109	9	1.263
485	109	5	1.555
486	110	7	2.322
487	110	5	2.269
488	110	9	1.202
489	110	9	1.787
490	110	6	1.812
491	111	7	1.495
492	111	5	1.487
493	111	9	1.651
494	111	6	1.939
495	111	7	2.352
496	112	7	1.556
497	112	7	1.307
498	112	5	1.163
499	112	5	1.447
500	112	9	2.035
501	113	7	2.1
502	113	6	1.846
503	113	6	1.662
504	113	6	1.507
505	113	7	2.238
506	114	9	2.17
507	114	6	1.76
508	114	5	1.224
509	114	6	1.196
510	114	7	2.025
511	115	5	2.087
512	115	8	1.439
513	115	5	2.47
514	115	6	2.287
515	115	6	1.835
516	116	6	1.903
517	116	6	2.459
518	116	9	1.729
519	116	5	2.228
520	116	6	2.407
521	117	6	2.42
522	117	7	1.196
523	117	9	1.103
524	117	9	1.306
525	117	6	1.456
526	118	5	2.287
527	118	5	1.267
528	118	5	2.308
529	118	6	1.213
530	118	8	2.176
531	119	5	2.436
532	119	9	2.017
533	119	6	1.488
534	119	6	2.35
535	119	5	2.452
536	120	8	2.453
537	120	7	1.639
538	120	6	1.211
539	120	6	1.796
540	120	6	1.692
541	121	9	1.269
542	121	8	1.988
543	121	9	1.567
544	121	8	1.24
545	121	8	2.04
546	122	8	2.18
547	122	9	1.343
548	122	9	1.111
549	122	7	1.917
550	122	5	1.845
551	123	8	2.239
552	123	6	1.733
553	123	8	2.029
554	123	6	2.323
555	123	6	1.255
556	124	6	2.021
557	124	7	1.421
558	124	8	2.417
559	124	6	1.295
560	124	7	2.298
561	125	5	1.436
562	125	6	2.277
563	125	9	1.431
564	125	7	1.387
565	125	6	2.301
566	126	6	1.916
567	126	9	1.378
568	126	6	1.226
569	126	6	1.92
570	126	8	1.438
571	127	6	1.279
572	127	5	2.218
573	127	9	2.262
574	127	9	2.268
575	127	8	1.619
576	128	5	1.356
577	128	8	1.147
578	128	5	1.84
579	128	9	1.584
580	128	9	1.364
581	129	8	1.298
582	129	5	2.326
583	129	8	2.251
584	129	5	1.583
585	129	7	1.615
586	130	9	1.545
587	130	8	1.903
588	130	9	1.895
589	130	7	1.884
590	130	7	2.189
591	131	6	1.301
592	131	8	1.898
593	131	7	2.29
594	131	7	2.041
595	131	9	2.095
596	132	9	2.395
597	132	9	2.497
598	132	6	1.404
599	132	7	1.874
600	132	8	1.873
601	133	9	1.732
602	133	5	2.373
603	133	5	2.164
604	133	9	1.849
605	133	7	2.411
606	134	8	1.833
607	134	9	2.3
608	134	5	2.374
609	134	7	1.206
610	134	6	2.111
611	135	9	2.388
612	135	7	1.817
613	135	6	1.96
614	135	9	1.319
615	135	7	1.509
616	136	6	1.284
617	136	6	1.359
618	136	5	2.152
619	136	5	1.947
620	136	5	1.492
621	137	6	2.245
622	137	6	1.35
623	137	6	1.193
624	137	6	1.15
625	137	6	1.4
626	138	7	1.707
627	138	5	1.278
628	138	9	2.401
629	138	6	2.103
630	138	6	2.362
631	139	9	2.498
632	139	5	2.332
633	139	6	2.425
634	139	5	1.286
635	139	9	1.347
636	140	8	1.295
637	140	6	1.213
638	140	8	1.464
639	140	8	2.081
640	140	8	1.617
641	141	9	1.96
642	141	8	2.351
643	141	6	1.2
644	141	6	1.248
645	141	6	1.602
646	142	5	2.102
647	142	6	1.108
648	142	7	1.968
649	142	8	2.062
650	142	6	2.486
651	143	7	1.185
652	143	9	1.373
653	143	8	2.19
654	143	8	1.802
655	143	7	1.714
656	144	9	1.673
657	144	9	1.17
658	144	5	1.417
659	144	8	1.345
660	144	5	1.583
661	145	5	2.012
662	145	8	1.568
663	145	6	2.308
664	145	5	1.604
665	145	7	1.85
666	146	7	2.104
667	146	5	2.233
668	146	6	1.175
669	146	9	1.135
670	146	8	1.689
671	147	5	1.455
672	147	6	1.937
673	147	7	1.492
674	147	5	1.255
675	147	5	2.387
676	148	5	1.795
677	148	6	1.823
678	148	7	1.776
679	148	6	1.943
680	148	5	1.58
681	149	8	2.365
682	149	5	1.929
683	149	5	1.779
684	149	9	2.46
685	149	7	1.525
686	150	7	2.302
687	150	7	2.006
688	150	5	1.299
689	150	5	2.001
690	150	8	2.083
691	151	5	1.638
692	151	8	2.281
693	151	6	2.272
694	151	8	2.119
695	151	8	1.292
696	152	9	1.815
697	152	9	2.228
698	152	7	1.991
699	152	8	1.918
700	152	5	1.634
701	153	8	2.243
702	153	6	2.385
703	153	6	1.711
704	153	5	1.205
705	153	8	2.006
706	154	8	1.89
707	154	8	1.925
708	154	7	1.812
709	154	6	2.217
710	154	8	1.756
711	155	9	1.614
712	155	6	2.321
713	155	7	2.012
714	155	8	2.275
715	155	7	2.167
716	156	5	1.625
717	156	9	1.679
718	156	8	2.31
719	156	7	1.176
720	156	5	1.985
721	157	8	1.178
722	157	7	2.091
723	157	5	1.39
724	157	8	2.42
725	157	8	1.493
726	158	6	1.387
727	158	6	1.966
728	158	5	2.078
729	158	9	2.25
730	158	5	1.546
731	159	6	2.359
732	159	5	2.298
733	159	9	1.833
734	159	8	1.361
735	159	5	1.465
736	160	6	1.486
737	160	7	1.302
738	160	9	1.496
739	160	7	1.926
740	160	8	1.605
741	161	5	1.955
742	161	9	1.602
743	161	9	2.074
744	161	8	1.963
745	161	6	1.84
746	162	9	1.732
747	162	7	1.476
748	162	9	1.94
749	162	9	1.487
750	162	6	2.234
751	163	8	2.493
752	163	7	1.292
753	163	5	1.84
754	163	5	1.419
755	163	9	1.257
756	164	7	2.257
757	164	8	2.035
758	164	5	1.969
759	164	8	1.955
760	164	5	1.33
761	165	6	1.957
762	165	7	1.283
763	165	6	2.055
764	165	5	2.251
765	165	9	2.083
766	166	5	2.287
767	166	6	1.309
768	166	6	2.085
769	166	7	1.347
770	166	8	1.281
771	167	7	2.145
772	167	9	1.317
773	167	9	2.17
774	167	7	1.228
775	167	7	1.432
776	168	7	1.62
777	168	9	2.273
778	168	6	1.983
779	168	8	1.76
780	168	9	1.559
781	169	8	2.178
782	169	8	1.376
783	169	8	1.303
784	169	8	1.715
785	169	5	1.618
786	170	8	1.88
787	170	5	1.675
788	170	5	1.226
789	170	8	1.991
790	170	5	2.038
791	171	8	1.308
792	171	7	1.819
793	171	7	1.62
794	171	5	2.453
795	171	5	1.835
796	172	7	2.45
797	172	5	1.854
798	172	6	1.924
799	172	5	1.767
800	172	7	1.896
801	173	6	1.33
802	173	6	1.582
803	173	6	2.072
804	173	6	2.041
805	173	7	2.461
806	174	5	1.579
807	174	6	1.953
808	174	5	2.092
809	174	6	1.372
810	174	7	1.414
811	175	9	1.403
812	175	8	2.253
813	175	7	1.47
814	175	8	2.011
815	175	5	2.474
816	176	7	2.231
817	176	6	1.612
818	176	9	1.493
819	176	9	1.479
820	176	6	1.581
821	177	5	1.819
822	177	5	1.986
823	177	5	1.551
824	177	8	2.075
825	177	5	1.305
826	178	7	1.668
827	178	7	1.277
828	178	5	1.828
829	178	9	2.039
830	178	5	2.136
831	179	6	1.538
832	179	5	1.846
833	179	8	1.677
834	179	9	2.059
835	179	8	2.03
836	180	9	2.436
837	180	5	2.379
838	180	8	1.749
839	180	9	2.261
840	180	9	2.465
841	181	9	2.045
842	181	9	2.11
843	181	7	2.468
844	181	9	1.456
845	181	8	1.298
846	182	6	1.683
847	182	5	1.295
848	182	9	1.495
849	182	8	1.151
850	182	9	2.29
851	183	9	2.416
852	183	8	1.352
853	183	6	2.374
854	183	9	1.482
855	183	8	1.423
856	184	8	1.77
857	184	7	2.362
858	184	8	2.14
859	184	5	2.255
860	184	5	1.584
861	185	7	2.426
862	185	7	1.316
863	185	5	1.803
864	185	8	2.497
865	185	8	1.803
866	186	8	1.295
867	186	8	2.345
868	186	5	2.145
869	186	5	1.362
870	186	7	1.591
871	187	5	1.537
872	187	6	2.312
873	187	5	2.409
874	187	7	1.544
875	187	8	1.502
876	188	9	1.253
877	188	8	1.606
878	188	6	2.051
879	188	9	1.938
880	188	8	1.196
881	189	7	2.351
882	189	5	1.789
883	189	7	1.116
884	189	9	1.517
885	189	8	1.616
886	190	9	2.317
887	190	5	2.166
888	190	6	1.52
889	190	6	1.877
890	190	7	1.572
891	191	9	2.312
892	191	5	1.952
893	191	9	2.341
894	191	9	1.427
895	191	8	1.359
896	192	8	2.394
897	192	9	1.888
898	192	5	1.26
899	192	7	2.061
900	192	8	1.63
901	193	8	2.027
902	193	8	2.447
903	193	8	2.348
904	193	9	1.3
905	193	5	1.86
906	194	8	1.785
907	194	5	1.341
908	194	8	1.484
909	194	5	1.62
910	194	8	1.811
911	195	9	1.592
912	195	8	2.167
913	195	5	1.426
914	195	5	1.872
915	195	5	1.961
916	196	5	2.025
917	196	7	1.424
918	196	6	2.107
919	196	7	2.037
920	196	6	1.597
921	197	6	1.971
922	197	8	1.842
923	197	5	2.333
924	197	5	2.375
925	197	9	1.702
926	198	6	2.355
927	198	6	1.787
928	198	6	1.4
929	198	9	2.492
930	198	9	1.52
931	199	9	2.427
932	199	7	2.099
933	199	9	1.391
934	199	5	1.466
935	199	5	2.171
936	200	6	2.392
937	200	5	1.131
938	200	5	1.275
939	200	9	1.432
940	200	8	1.26
941	201	9	1.304
942	201	9	1.182
943	201	7	1.988
944	201	5	2.11
945	201	6	1.872
946	202	9	1.914
947	202	9	1.715
948	202	6	1.148
949	202	8	2.458
950	202	7	2.492
951	203	6	2.236
952	203	7	1.246
953	203	6	2.283
954	203	5	1.47
955	203	5	2.397
956	204	9	2.228
957	204	9	1.726
958	204	7	2.487
959	204	8	1.94
960	204	9	1.301
961	205	7	2.075
962	205	8	1.782
963	205	5	1.705
964	205	9	1.112
965	205	7	2.072
966	206	8	2.201
967	206	9	2.356
968	206	7	1.84
969	206	7	2.204
970	206	7	2.215
971	207	9	2.459
972	207	7	1.741
973	207	6	2.097
974	207	8	1.984
975	207	6	2.34
976	208	9	2.301
977	208	5	2.04
978	208	6	2.349
979	208	8	1.934
980	208	8	1.986
981	209	6	2.036
982	209	7	1.358
983	209	9	1.678
984	209	5	2.277
985	209	5	1.91
986	210	7	1.603
987	210	7	2.05
988	210	5	1.906
989	210	7	1.634
990	210	5	1.788
991	211	7	2.268
992	211	7	2.049
993	211	9	2.23
994	211	9	2.017
995	211	5	1.218
996	212	8	1.439
997	212	9	2.435
998	212	8	1.368
999	212	8	2.163
1000	212	6	1.184
1001	213	9	1.104
1002	213	8	2.032
1003	213	6	2.094
1004	213	8	1.768
1005	213	5	1.25
1006	214	5	2.058
1007	214	8	1.778
1008	214	7	1.299
1009	214	7	1.417
1010	214	9	1.61
1011	215	8	1.597
1012	215	6	2.301
1013	215	5	1.809
1014	215	8	1.429
1015	215	5	2.294
1016	216	5	1.824
1017	216	5	2.328
1018	216	7	1.702
1019	216	7	1.687
1020	216	8	1.829
1021	217	9	2.432
1022	217	7	1.837
1023	217	6	2.263
1024	217	6	1.767
1025	217	9	2.404
1026	218	8	1.274
1027	218	8	1.781
1028	218	9	2.459
1029	218	8	1.611
1030	218	9	2.158
1031	219	5	1.807
1032	219	5	2.115
1033	219	7	2.344
1034	219	5	1.565
1035	219	5	1.629
1036	220	6	1.215
1037	220	5	1.68
1038	220	9	2.392
1039	220	6	2.047
1040	220	7	1.351
1041	221	7	1.453
1042	221	9	1.185
1043	221	5	1.293
1044	221	9	2.079
1045	221	6	2.117
1046	222	7	1.452
1047	222	8	1.986
1048	222	5	2.123
1049	222	7	1.571
1050	222	9	1.241
1051	223	9	2.282
1052	223	5	1.57
1053	223	5	1.232
1054	223	9	2.387
1055	223	9	1.963
1056	224	5	2.081
1057	224	5	2.329
1058	224	9	2.149
1059	224	8	2.197
1060	224	8	1.284
1061	225	9	1.972
1062	225	8	1.321
1063	225	7	1.625
1064	225	8	1.931
1065	225	7	1.936
1066	226	5	1.356
1067	226	7	2.299
1068	226	9	1.282
1069	226	7	2.013
1070	226	6	1.506
1071	227	9	1.187
1072	227	9	1.548
1073	227	6	1.159
1074	227	6	2.106
1075	227	8	1.15
1076	228	6	1.765
1077	228	6	2.044
1078	228	6	2.375
1079	228	5	2.087
1080	228	7	1.359
1081	229	8	1.15
1082	229	5	1.992
1083	229	5	1.287
1084	229	6	1.708
1085	229	6	2.177
1086	230	9	1.239
1087	230	9	2.085
1088	230	8	2.183
1089	230	7	1.338
1090	230	7	2.439
1091	231	7	1.574
1092	231	8	1.914
1093	231	6	2.312
1094	231	8	1.514
1095	231	9	1.846
1096	232	5	1.559
1097	232	7	2.474
1098	232	9	1.489
1099	232	5	1.926
1100	232	8	1.796
1101	233	9	1.414
1102	233	7	1.421
1103	233	6	1.94
1104	233	9	1.89
1105	233	5	2.488
1106	234	7	2.479
1107	234	6	1.125
1108	234	8	2.062
1109	234	8	1.543
1110	234	7	1.142
1111	235	7	1.395
1112	235	7	1.839
1113	235	8	1.985
1114	235	8	1.425
1115	235	6	1.394
1116	236	9	2.301
1117	236	8	1.712
1118	236	9	1.512
1119	236	7	1.19
1120	236	8	2.317
1121	237	7	1.245
1122	237	7	1.681
1123	237	7	1.875
1124	237	6	1.898
1125	237	6	1.526
1126	238	7	2.323
1127	238	7	2.169
1128	238	6	1.675
1129	238	6	1.213
1130	238	5	1.688
1131	239	5	1.518
1132	239	9	2.424
1133	239	7	1.98
1134	239	5	2.151
1135	239	8	2.065
1136	240	9	1.922
1137	240	9	1.715
1138	240	9	2.181
1139	240	8	2.082
1140	240	7	2.486
1141	241	8	1.696
1142	241	5	1.424
1143	241	6	2.44
1144	241	7	2.454
1145	241	9	1.872
1146	242	5	1.726
1147	242	9	1.109
1148	242	5	1.646
1149	242	7	2.491
1150	242	5	2.445
1151	243	9	2.399
1152	243	5	1.403
1153	243	5	1.667
1154	243	6	1.187
1155	243	8	1.316
1156	244	9	2.326
1157	244	9	1.524
1158	244	8	1.438
1159	244	5	1.338
1160	244	5	2.202
1161	245	5	1.395
1162	245	9	1.407
1163	245	9	2.065
1164	245	5	2.036
1165	245	8	1.256
1166	246	7	1.981
1167	246	8	2.358
1168	246	8	2.462
1169	246	9	1.397
1170	246	7	2.232
1171	247	9	1.657
1172	247	5	2.393
1173	247	5	1.147
1174	247	9	1.254
1175	247	9	1.984
1176	248	8	1.792
1177	248	7	1.726
1178	248	9	1.612
1179	248	7	1.156
1180	248	5	1.141
1181	249	5	1.497
1182	249	5	2.25
1183	249	5	1.41
1184	249	7	1.35
1185	249	5	1.63
1186	250	9	2.176
1187	250	6	1.915
1188	250	5	1.109
1189	250	6	1.588
1190	250	6	1.399
1191	251	6	1.889
1192	251	9	1.38
1193	251	5	1.922
1194	251	6	1.939
1195	251	5	1.425
1196	252	8	2.443
1197	252	6	1.86
1198	252	7	2.415
1199	252	9	1.951
1200	252	9	2.044
1201	253	8	1.461
1202	253	5	1.747
1203	253	6	1.544
1204	253	8	1.334
1205	253	8	2.453
1206	254	5	1.484
1207	254	6	1.59
1208	254	5	2.162
1209	254	7	1.401
1210	254	9	1.57
1211	255	5	2.172
1212	255	9	2.368
1213	255	8	2.031
1214	255	8	1.627
1215	255	5	2.167
1216	256	7	2.161
1217	256	8	1.251
1218	256	8	2.24
1219	256	9	1.698
1220	256	8	2.344
1221	257	9	1.285
1222	257	7	2.116
1223	257	5	1.55
1224	257	8	1.217
1225	257	5	1.824
1226	258	5	1.696
1227	258	8	1.339
1228	258	8	1.434
1229	258	5	1.941
1230	258	9	2.062
1231	259	9	1.944
1232	259	5	1.646
1233	259	7	1.357
1234	259	6	2.448
1235	259	5	2.217
1236	260	6	2.438
1237	260	5	1.714
1238	260	5	1.851
1239	260	6	2.152
1240	260	9	2.39
1241	261	8	2.032
1242	261	5	1.819
1243	261	5	1.368
1244	261	9	1.662
1245	261	7	2.487
1246	262	7	2.404
1247	262	8	1.9
1248	262	7	1.255
1249	262	6	1.865
1250	262	7	2.083
1251	263	5	1.454
1252	263	9	2.244
1253	263	7	2.493
1254	263	7	1.959
1255	263	9	1.647
1256	264	5	1.386
1257	264	5	1.18
1258	264	8	1.98
1259	264	8	1.425
1260	264	6	1.674
1261	265	8	1.214
1262	265	6	1.377
1263	265	8	1.659
1264	265	5	1.991
1265	265	8	1.68
1266	266	7	2.179
1267	266	6	1.313
1268	266	5	2.05
1269	266	6	1.571
1270	266	9	1.711
1271	267	9	1.306
1272	267	8	1.438
1273	267	7	2.462
1274	267	5	1.444
1275	267	6	1.885
1276	268	8	1.958
1277	268	9	1.211
1278	268	8	2.007
1279	268	6	1.776
1280	268	9	2.413
1281	269	6	1.787
1282	269	5	2.411
1283	269	7	1.246
1284	269	8	1.832
1285	269	6	2.315
1286	270	7	2.231
1287	270	8	1.919
1288	270	7	1.293
1289	270	8	1.876
1290	270	5	1.672
1291	271	5	1.468
1292	271	5	1.132
1293	271	7	2.299
1294	271	8	1.622
1295	271	5	2.044
1296	272	8	1.507
1297	272	9	1.453
1298	272	5	1.351
1299	272	5	1.481
1300	272	6	2.374
1301	273	5	1.306
1302	273	5	2.135
1303	273	9	2.408
1304	273	9	2.346
1305	273	8	2.385
1306	274	5	2.487
1307	274	9	2.153
1308	274	5	2.126
1309	274	9	1.68
1310	274	9	2.448
1311	275	5	1.105
1312	275	5	2.057
1313	275	9	1.584
1314	275	7	2.448
1315	275	5	2.455
1316	276	8	1.195
1317	276	5	2.308
1318	276	5	1.852
1319	276	7	1.223
1320	276	8	2.215
1321	277	8	1.815
1322	277	9	1.996
1323	277	9	2.251
1324	277	7	1.821
1325	277	5	1.973
1326	278	5	2.435
1327	278	7	2.103
1328	278	9	2.302
1329	278	8	2.495
1330	278	6	2.127
1331	279	9	1.958
1332	279	8	1.781
1333	279	6	1.7
1334	279	5	2.097
1335	279	9	1.402
1336	280	8	1.692
1337	280	5	1.37
1338	280	9	2.071
1339	280	5	2.028
1340	280	7	1.404
1341	281	6	1.968
1342	281	5	1.818
1343	281	6	1.601
1344	281	8	1.904
1345	281	9	2.207
1346	282	5	2.475
1347	282	9	2.243
1348	282	6	1.141
1349	282	8	1.473
1350	282	9	1.953
1351	283	9	1.441
1352	283	8	2.348
1353	283	7	1.159
1354	283	7	2.1
1355	283	7	2.153
1356	284	6	1.402
1357	284	5	1.956
1358	284	8	1.161
1359	284	7	2.43
1360	284	6	2.171
1361	285	5	2.164
1362	285	6	1.468
1363	285	6	1.587
1364	285	7	1.128
1365	285	5	2.331
1366	286	9	2.096
1367	286	6	1.471
1368	286	8	2.172
1369	286	8	1.738
1370	286	7	1.78
1371	287	9	2.34
1372	287	8	2.188
1373	287	8	1.137
1374	287	6	2.107
1375	287	5	1.334
1376	288	5	1.592
1377	288	7	1.728
1378	288	6	1.956
1379	288	8	1.536
1380	288	9	1.525
1381	289	6	2.221
1382	289	6	2.047
1383	289	5	2.348
1384	289	6	2.072
1385	289	7	1.321
1386	290	7	1.531
1387	290	8	1.642
1388	290	9	2.243
1389	290	5	1.423
1390	290	7	1.824
1391	291	9	1.318
1392	291	6	2.134
1393	291	6	1.152
1394	291	9	2.093
1395	291	5	1.948
1396	292	7	2.131
1397	292	5	2.213
1398	292	5	2.284
1399	292	6	2.244
1400	292	6	1.358
1401	293	6	1.429
1402	293	5	1.999
1403	293	8	1.453
1404	293	8	1.616
1405	293	6	2.48
1406	294	9	2.13
1407	294	8	2.43
1408	294	8	1.892
1409	294	6	2.015
1410	294	7	1.771
1411	295	9	1.384
1412	295	6	1.793
1413	295	8	1.543
1414	295	7	2.018
1415	295	8	2.048
1416	296	7	2.325
1417	296	5	1.596
1418	296	8	1.25
1419	296	7	1.166
1420	296	9	2.299
1421	297	9	1.439
1422	297	6	1.915
1423	297	5	2.155
1424	297	7	2.199
1425	297	6	1.624
1426	298	8	2.059
1427	298	6	1.731
1428	298	5	1.573
1429	298	6	2.069
1430	298	6	2.324
1431	299	8	2.414
1432	299	5	1.162
1433	299	8	1.567
1434	299	8	1.319
1435	299	8	1.287
1436	300	6	1.72
1437	300	9	1.885
1438	300	8	1.57
1439	300	8	1.491
1440	300	6	2.064
1441	301	9	2.215
1442	301	8	1.94
1443	301	6	1.363
1444	301	7	1.92
1445	301	6	2.222
1446	302	8	2.277
1447	302	8	2.236
1448	302	5	2.092
1449	302	8	1.907
1450	302	6	2.178
1451	303	5	1.591
1452	303	9	2.413
1453	303	7	1.869
1454	303	7	2.045
1455	303	8	2.086
1456	304	7	1.977
1457	304	6	2.077
1458	304	9	1.504
1459	304	7	1.94
1460	304	6	1.939
1461	305	6	1.787
1462	305	9	2.35
1463	305	6	1.756
1464	305	6	1.886
1465	305	9	1.241
1466	306	9	2.337
1467	306	5	2.391
1468	306	5	2.149
1469	306	5	2.096
1470	306	5	1.433
1471	307	9	1.286
1472	307	7	1.472
1473	307	7	2.331
1474	307	5	2.457
1475	307	6	1.16
1476	308	6	1.715
1477	308	9	1.897
1478	308	9	1.454
1479	308	5	1.68
1480	308	5	1.26
1481	309	9	1.528
1482	309	9	1.149
1483	309	9	1.738
1484	309	6	1.435
1485	309	5	2.235
1486	310	7	2.134
1487	310	6	2.031
1488	310	9	1.663
1489	310	8	1.275
1490	310	6	2.052
1491	311	9	1.872
1492	311	9	1.926
1493	311	9	1.249
1494	311	9	1.751
1495	311	7	1.549
1496	312	7	1.76
1497	312	8	2.259
1498	312	9	1.14
1499	312	7	1.506
1500	312	8	1.991
1501	313	9	2.295
1502	313	7	2.047
1503	313	6	1.247
1504	313	8	1.23
1505	313	8	1.425
1506	314	7	2.496
1507	314	9	1.168
1508	314	6	2.291
1509	314	9	1.823
1510	314	6	1.238
1511	315	5	2.261
1512	315	5	1.123
1513	315	6	2.298
1514	315	5	2.162
1515	315	7	2.04
1516	316	9	2.471
1517	316	9	2.206
1518	316	9	1.922
1519	316	6	1.909
1520	316	7	1.435
1521	317	7	1.525
1522	317	7	2.03
1523	317	6	1.825
1524	317	5	2.444
1525	317	5	1.976
1526	318	6	1.591
1527	318	6	2.321
1528	318	6	2.379
1529	318	6	1.554
1530	318	8	2.413
1531	319	8	1.424
1532	319	7	1.979
1533	319	6	2.333
1534	319	5	1.217
1535	319	5	2.021
1536	320	8	2.071
1537	320	6	1.445
1538	320	7	1.356
1539	320	5	2.435
1540	320	8	2.172
1541	321	5	1.948
1542	321	7	2.3
1543	321	9	1.332
1544	321	9	1.223
1545	321	9	2.188
1546	322	8	1.236
1547	322	5	2.09
1548	322	5	2.258
1549	322	8	2.381
1550	322	7	1.923
1551	323	6	1.89
1552	323	7	1.841
1553	323	6	2.218
1554	323	5	1.439
1555	323	6	2.12
1556	324	5	2.299
1557	324	8	2.034
1558	324	9	2.254
1559	324	8	1.236
1560	324	7	2.118
1561	325	6	1.556
1562	325	9	2.17
1563	325	6	2.177
1564	325	6	1.502
1565	325	8	1.501
1566	326	8	1.805
1567	326	5	2.288
1568	326	9	2.43
1569	326	6	1.455
1570	326	5	2.234
1571	327	9	1.834
1572	327	9	1.407
1573	327	8	2.003
1574	327	7	1.974
1575	327	5	1.856
1576	328	6	1.946
1577	328	5	2.113
1578	328	7	1.211
1579	328	6	1.978
1580	328	8	2.406
1581	329	7	1.532
1582	329	8	2.332
1583	329	8	2.214
1584	329	8	1.939
1585	329	6	1.984
1586	330	8	1.33
1587	330	5	1.414
1588	330	5	1.554
1589	330	8	1.703
1590	330	7	1.687
1591	331	6	2.202
1592	331	9	2.133
1593	331	5	1.663
1594	331	6	1.105
1595	331	6	2.309
1596	332	8	1.357
1597	332	8	2.296
1598	332	9	1.201
1599	332	8	1.466
1600	332	5	1.368
1601	333	6	1.683
1602	333	8	2.496
1603	333	8	2.1
1604	333	7	1.872
1605	333	9	1.428
1606	334	5	1.724
1607	334	7	2.137
1608	334	9	2.183
1609	334	9	2.011
1610	334	8	1.392
1611	335	5	1.218
1612	335	7	1.719
1613	335	8	1.415
1614	335	6	1.34
1615	335	7	1.534
1616	336	9	1.646
1617	336	6	1.245
1618	336	8	2.373
1619	336	8	1.229
1620	336	9	1.554
1621	337	7	1.674
1622	337	9	1.812
1623	337	7	2.416
1624	337	9	1.769
1625	337	5	1.227
1626	338	5	1.452
1627	338	9	2.292
1628	338	7	2.463
1629	338	5	1.428
1630	338	6	1.403
1631	339	7	1.217
1632	339	9	1.189
1633	339	7	1.257
1634	339	6	1.994
1635	339	8	1.151
1636	340	5	1.79
1637	340	9	1.152
1638	340	6	1.589
1639	340	9	1.31
1640	340	9	1.951
1641	341	9	2.111
1642	341	5	1.211
1643	341	9	1.732
1644	341	6	1.543
1645	341	9	2.273
1646	342	9	1.98
1647	342	9	2.204
1648	342	5	1.735
1649	342	7	2.369
1650	342	9	2.43
1651	343	5	1.688
1652	343	9	2.238
1653	343	9	1.337
1654	343	5	2.322
1655	343	5	2.489
1656	344	7	1.695
1657	344	6	1.872
1658	344	5	1.89
1659	344	6	2.194
1660	344	7	1.94
1661	345	6	1.167
1662	345	6	1.507
1663	345	9	1.454
1664	345	7	1.951
1665	345	5	1.295
1666	346	8	2.276
1667	346	8	2.057
1668	346	7	1.31
1669	346	6	2.255
1670	346	8	2.414
1671	347	5	1.454
1672	347	7	1.437
1673	347	7	1.918
1674	347	7	1.677
1675	347	7	1.73
1676	348	5	1.849
1677	348	9	2.298
1678	348	9	2.279
1679	348	8	1.305
1680	348	8	1.631
1681	349	6	1.38
1682	349	6	1.464
1683	349	6	1.954
1684	349	9	1.378
1685	349	8	1.884
1686	350	7	1.16
1687	350	5	1.637
1688	350	8	1.311
1689	350	8	1.172
1690	350	8	1.673
1691	351	8	1.975
1692	351	7	1.319
1693	351	8	2.422
1694	351	9	1.638
1695	351	8	2.114
1696	352	7	2.195
1697	352	8	1.165
1698	352	9	1.78
1699	352	7	1.533
1700	352	9	2.284
1701	353	9	1.741
1702	353	9	2.193
1703	353	8	1.592
1704	353	5	2.131
1705	353	7	1.499
1706	354	9	2.235
1707	354	5	1.923
1708	354	5	1.148
1709	354	5	1.665
1710	354	6	2.36
1711	355	9	1.406
1712	355	7	2.369
1713	355	7	1.145
1714	355	7	2.431
1715	355	6	1.482
1716	356	8	1.104
1717	356	8	1.422
1718	356	8	2.433
1719	356	5	2.056
1720	356	7	1.973
1721	357	5	1.292
1722	357	5	2.089
1723	357	9	1.122
1724	357	7	1.949
1725	357	9	1.828
1726	358	8	2.121
1727	358	5	1.84
1728	358	7	2.427
1729	358	8	1.456
1730	358	6	2.197
1731	359	9	1.723
1732	359	5	1.4
1733	359	8	1.342
1734	359	6	1.139
1735	359	7	1.922
1736	360	7	1.547
1737	360	5	1.38
1738	360	5	2.357
1739	360	9	2.39
1740	360	5	1.561
1741	361	6	1.929
1742	361	5	2.015
1743	361	9	1.432
1744	361	8	2.197
1745	361	5	1.623
1746	362	7	1.369
1747	362	7	1.727
1748	362	5	2.5
1749	362	8	2.302
1750	362	6	2.261
1751	363	8	2.237
1752	363	9	2.269
1753	363	5	2.332
1754	363	9	1.61
1755	363	9	1.279
1756	364	5	2.221
1757	364	9	1.973
1758	364	7	1.613
1759	364	7	1.133
1760	364	6	1.351
1761	365	8	1.138
1762	365	8	1.629
1763	365	5	1.466
1764	365	8	1.676
1765	365	7	1.549
1766	366	9	2.268
1767	366	8	1.417
1768	366	6	1.381
1769	366	9	2.385
1770	366	9	1.97
1771	367	8	1.79
1772	367	6	1.708
1773	367	5	1.352
1774	367	6	2.35
1775	367	5	1.359
1776	368	5	1.528
1777	368	7	1.699
1778	368	8	1.712
1779	368	5	2.452
1780	368	6	1.86
1781	369	9	1.325
1782	369	6	1.701
1783	369	7	1.364
1784	369	6	1.531
1785	369	5	2.333
1786	370	7	1.944
1787	370	6	2.278
1788	370	7	2.33
1789	370	5	2.308
1790	370	8	1.848
1791	371	8	1.92
1792	371	7	1.383
1793	371	6	1.974
1794	371	7	1.437
1795	371	5	2.015
1796	372	9	2.171
1797	372	7	1.747
1798	372	8	2.32
1799	372	8	1.143
1800	372	9	2.447
1801	373	9	1.382
1802	373	6	2.144
1803	373	9	1.868
1804	373	5	2.172
1805	373	7	1.581
1806	374	7	1.202
1807	374	7	1.588
1808	374	7	1.96
1809	374	6	1.426
1810	374	9	2.418
1811	375	7	1.457
1812	375	6	2.321
1813	375	8	2.003
1814	375	7	1.605
1815	375	5	2.327
1816	376	9	1.907
1817	376	5	2.383
1818	376	7	1.141
1819	376	6	2.286
1820	376	5	2.12
1821	377	7	2.484
1822	377	8	1.894
1823	377	5	1.3
1824	377	8	2.387
1825	377	5	1.461
1826	378	5	1.424
1827	378	5	1.278
1828	378	7	1.276
1829	378	7	1.579
1830	378	7	1.468
1831	379	8	2.197
1832	379	9	2.185
1833	379	6	1.959
1834	379	9	2.408
1835	379	6	1.947
1836	380	8	1.462
1837	380	7	1.623
1838	380	5	2.468
1839	380	8	1.989
1840	380	8	2.5
1841	381	9	2.459
1842	381	7	1.353
1843	381	5	1.935
1844	381	8	2.175
1845	381	5	2.172
1846	382	6	1.942
1847	382	9	1.163
1848	382	7	1.625
1849	382	9	2.103
1850	382	8	1.824
1851	383	6	1.825
1852	383	9	1.619
1853	383	6	1.188
1854	383	9	2.398
1855	383	9	1.848
1856	384	8	1.54
1857	384	5	2.498
1858	384	5	1.906
1859	384	9	1.309
1860	384	5	2.426
1861	385	7	2.458
1862	385	8	1.568
1863	385	9	1.154
1864	385	5	2.184
1865	385	7	1.208
1866	386	6	2.319
1867	386	9	1.616
1868	386	8	1.655
1869	386	8	2.026
1870	386	5	1.108
1871	387	5	1.741
1872	387	9	1.332
1873	387	5	1.347
1874	387	7	1.273
1875	387	8	2.214
1876	388	6	1.849
1877	388	7	1.651
1878	388	5	1.977
1879	388	6	1.79
1880	388	7	2.116
1881	389	5	1.756
1882	389	6	2.222
1883	389	5	1.394
1884	389	8	1.549
1885	389	9	1.79
1886	390	7	1.573
1887	390	9	1.927
1888	390	6	1.923
1889	390	5	1.429
1890	390	5	1.206
1891	391	7	2.232
1892	391	9	1.951
1893	391	5	2.185
1894	391	6	1.611
1895	391	6	1.634
1896	392	8	2.299
1897	392	5	1.517
1898	392	7	2.264
1899	392	9	1.818
1900	392	7	1.289
1901	393	7	1.793
1902	393	7	2.014
1903	393	5	2.06
1904	393	5	1.116
1905	393	5	1.411
1906	394	8	1.251
1907	394	8	1.957
1908	394	6	1.735
1909	394	8	1.407
1910	394	7	2.037
1911	395	9	1.395
1912	395	8	1.445
1913	395	8	2.344
1914	395	7	1.36
1915	395	6	2.426
1916	396	8	1.697
1917	396	6	1.477
1918	396	9	2.232
1919	396	7	1.715
1920	396	7	1.983
1921	397	9	2.194
1922	397	7	1.946
1923	397	8	1.796
1924	397	7	1.72
1925	397	9	1.67
1926	398	6	2.211
1927	398	6	1.477
1928	398	6	1.278
1929	398	5	1.39
1930	398	6	1.59
1931	399	9	2.383
1932	399	8	2.322
1933	399	5	1.197
1934	399	8	1.133
1935	399	7	2.068
1936	400	5	1.127
1937	400	7	1.691
1938	400	6	2.133
1939	400	8	2.499
1940	400	8	2.067
1941	401	7	1.645
1942	401	7	1.197
1943	401	5	1.195
1944	401	6	1.886
1945	401	9	2.007
1946	402	9	1.472
1947	402	6	1.921
1948	402	7	1.244
1949	402	7	2.002
1950	402	9	2.273
1951	403	5	2.302
1952	403	9	2.053
1953	403	9	1.894
1954	403	8	1.243
1955	403	6	2.069
1956	404	6	2.295
1957	404	6	1.264
1958	404	5	1.945
1959	404	8	1.601
1960	404	9	1.356
1961	405	9	2.081
1962	405	6	1.83
1963	405	5	1.128
1964	405	9	1.683
1965	405	5	1.737
1966	406	6	2.435
1967	406	9	1.317
1968	406	5	1.172
1969	406	8	2.443
1970	406	9	2.182
1971	407	5	1.342
1972	407	6	2.338
1973	407	8	1.164
1974	407	6	2.195
1975	407	5	2.348
1976	408	9	1.714
1977	408	8	1.522
1978	408	8	1.736
1979	408	9	2.444
1980	408	7	1.798
1981	409	9	1.812
1982	409	7	1.959
1983	409	8	1.807
1984	409	7	1.365
1985	409	7	1.83
1986	410	5	1.299
1987	410	6	2.4
1988	410	6	1.914
1989	410	9	1.535
1990	410	7	1.888
1991	411	9	1.395
1992	411	5	2.398
1993	411	8	1.93
1994	411	5	1.5
1995	411	9	1.752
1996	412	9	1.908
1997	412	8	2.434
1998	412	5	2.109
1999	412	9	2.285
2000	412	8	1.868
2001	413	7	1.793
2002	413	8	1.796
2003	413	5	2.111
2004	413	8	1.103
2005	413	8	2.471
2006	414	9	1.213
2007	414	6	1.842
2008	414	6	1.241
2009	414	6	2.046
2010	414	7	1.39
2011	415	7	1.932
2012	415	9	2.009
2013	415	5	1.812
2014	415	8	1.684
2015	415	6	1.89
2016	416	8	2.058
2017	416	8	1.419
2018	416	9	1.321
2019	416	8	1.301
2020	416	6	1.373
2021	417	5	1.346
2022	417	8	1.245
2023	417	5	1.684
2024	417	9	2.036
2025	417	5	2.367
2026	418	7	1.491
2027	418	9	1.34
2028	418	8	1.945
2029	418	9	1.315
2030	418	6	2.409
2031	419	8	1.768
2032	419	6	1.662
2033	419	6	2.156
2034	419	9	2.035
2035	419	5	2.459
2036	420	7	2.294
2037	420	5	1.344
2038	420	6	1.721
2039	420	8	1.803
2040	420	7	1.209
2041	421	5	1.882
2042	421	5	1.369
2043	421	5	1.956
2044	421	8	2.36
2045	421	9	1.272
2046	422	8	1.815
2047	422	6	1.361
2048	422	9	1.689
2049	422	6	2.113
2050	422	8	2.056
2051	423	6	1.644
2052	423	6	1.104
2053	423	8	2.146
2054	423	7	2.276
2055	423	8	2.105
2056	424	5	1.52
2057	424	6	1.155
2058	424	7	1.943
2059	424	7	2.461
2060	424	6	1.53
2061	425	6	1.693
2062	425	9	2.115
2063	425	8	2.048
2064	425	6	1.556
2065	425	7	1.451
2066	426	8	1.865
2067	426	9	1.295
2068	426	5	1.231
2069	426	8	2.38
2070	426	8	1.715
2071	427	9	2.093
2072	427	6	2.28
2073	427	7	1.834
2074	427	9	1.933
2075	427	5	1.917
2076	428	5	2.106
2077	428	5	2.12
2078	428	6	1.177
2079	428	6	1.828
2080	428	9	2.252
2081	429	8	1.626
2082	429	7	1.377
2083	429	9	1.464
2084	429	6	2.29
2085	429	8	1.684
2086	430	6	1.341
2087	430	5	1.843
2088	430	5	1.393
2089	430	9	2.151
2090	430	5	1.758
2091	431	9	2.094
2092	431	7	1.97
2093	431	7	1.362
2094	431	8	2.472
2095	431	5	2.238
2096	432	9	1.978
2097	432	5	1.974
2098	432	8	1.13
2099	432	9	2.081
2100	432	7	1.921
2101	433	8	2.035
2102	433	9	2.267
2103	433	6	2.436
2104	433	9	1.383
2105	433	8	1.194
2106	434	9	2.342
2107	434	9	1.834
2108	434	8	1.142
2109	434	7	2.332
2110	434	8	2.161
2111	435	9	1.669
2112	435	8	1.574
2113	435	5	2.416
2114	435	6	1.25
2115	435	8	1.313
2116	436	6	2.0
2117	436	7	2.28
2118	436	9	2.038
2119	436	8	1.18
2120	436	9	2.006
2121	437	6	2.155
2122	437	5	1.499
2123	437	5	1.168
2124	437	8	1.394
2125	437	9	2.36
2126	438	5	2.053
2127	438	5	1.25
2128	438	5	1.544
2129	438	7	1.728
2130	438	7	1.528
2131	439	7	1.284
2132	439	5	1.714
2133	439	9	1.419
2134	439	5	1.132
2135	439	5	1.885
2136	440	5	2.212
2137	440	6	2.065
2138	440	8	1.914
2139	440	7	1.911
2140	440	9	2.287
2141	441	9	1.756
2142	441	5	1.585
2143	441	5	1.724
2144	441	6	1.617
2145	441	7	1.863
2146	442	9	1.526
2147	442	5	1.928
2148	442	7	2.405
2149	442	5	1.548
2150	442	5	2.363
2151	443	6	2.309
2152	443	9	1.811
2153	443	5	2.333
2154	443	5	1.169
2155	443	7	1.976
2156	444	8	1.214
2157	444	7	1.476
2158	444	7	1.31
2159	444	7	1.167
2160	444	5	2.324
2161	445	9	1.371
2162	445	8	1.434
2163	445	6	1.14
2164	445	6	2.474
2165	445	5	2.336
2166	446	5	1.576
2167	446	6	1.173
2168	446	7	2.085
2169	446	5	1.781
2170	446	7	1.763
2171	447	7	1.391
2172	447	5	2.071
2173	447	6	2.025
2174	447	9	1.259
2175	447	9	1.88
2176	448	7	1.362
2177	448	7	2.353
2178	448	7	1.604
2179	448	8	1.938
2180	448	8	2.229
2181	449	5	1.638
2182	449	8	2.212
2183	449	9	1.405
2184	449	9	2.265
2185	449	8	1.958
2186	450	9	1.715
2187	450	7	1.63
2188	450	5	1.247
2189	450	9	1.794
2190	450	7	1.439
2191	451	9	1.838
2192	451	7	1.803
2193	451	6	1.241
2194	451	7	1.118
2195	451	9	1.672
2196	452	5	1.558
2197	452	6	1.472
2198	452	8	2.05
2199	452	8	2.022
2200	452	5	1.772
2201	453	9	1.993
2202	453	6	1.428
2203	453	8	2.187
2204	453	5	1.793
2205	453	8	2.001
2206	454	5	2.374
2207	454	6	2.264
2208	454	7	1.27
2209	454	9	1.706
2210	454	8	1.977
2211	455	6	1.542
2212	455	9	2.381
2213	455	9	2.058
2214	455	7	1.402
2215	455	9	1.503
2216	456	9	1.381
2217	456	6	1.664
2218	456	6	2.139
2219	456	5	1.506
2220	456	6	1.292
2221	457	6	2.476
2222	457	6	2.045
2223	457	6	1.825
2224	457	6	1.35
2225	457	6	1.352
2226	458	7	2.313
2227	458	6	1.935
2228	458	7	2.454
2229	458	6	1.872
2230	458	9	1.123
2231	459	7	2.394
2232	459	8	2.309
2233	459	8	2.482
2234	459	7	1.183
2235	459	7	2.335
2236	460	9	2.448
2237	460	9	1.587
2238	460	7	1.605
2239	460	7	1.704
2240	460	9	2.367
2241	461	8	1.884
2242	461	7	1.124
2243	461	5	2.082
2244	461	5	1.624
2245	461	8	1.713
2246	462	6	1.921
2247	462	8	2.073
2248	462	5	1.286
2249	462	9	1.508
2250	462	6	2.368
2251	463	9	1.949
2252	463	6	2.441
2253	463	7	2.311
2254	463	8	1.194
2255	463	5	1.647
2256	464	5	1.995
2257	464	7	1.816
2258	464	7	2.061
2259	464	8	2.125
2260	464	6	1.195
2261	465	7	1.482
2262	465	6	1.69
2263	465	8	1.35
2264	465	8	1.486
2265	465	9	1.907
2266	466	7	2.476
2267	466	8	1.485
2268	466	9	1.84
2269	466	9	2.229
2270	466	5	2.01
2271	467	8	2.169
2272	467	7	1.819
2273	467	5	1.631
2274	467	8	1.707
2275	467	7	1.391
2276	468	7	1.897
2277	468	7	2.211
2278	468	5	1.273
2279	468	8	2.429
2280	468	7	1.208
2281	469	5	2.428
2282	469	9	1.864
2283	469	6	1.849
2284	469	9	2.275
2285	469	9	1.421
2286	470	9	1.994
2287	470	9	1.929
2288	470	7	1.99
2289	470	5	1.211
2290	470	8	2.234
2291	471	5	1.68
2292	471	8	1.67
2293	471	5	2.356
2294	471	7	2.308
2295	471	9	1.251
2296	472	5	2.027
2297	472	9	1.292
2298	472	8	2.411
2299	472	7	1.615
2300	472	5	1.551
2301	473	9	2.078
2302	473	5	2.328
2303	473	6	1.399
2304	473	5	1.672
2305	473	8	2.002
2306	474	5	2.31
2307	474	5	1.401
2308	474	5	1.493
2309	474	6	1.814
2310	474	7	1.521
2311	475	5	2.01
2312	475	5	1.383
2313	475	6	2.026
2314	475	7	2.012
2315	475	5	1.681
2316	476	5	2.109
2317	476	5	2.22
2318	476	6	1.12
2319	476	9	1.187
2320	476	6	1.49
2321	477	9	1.985
2322	477	9	1.972
2323	477	5	1.548
2324	477	8	1.446
2325	477	7	2.483
2326	478	8	2.252
2327	478	8	1.992
2328	478	5	1.13
2329	478	9	1.679
2330	478	7	1.4
2331	479	7	1.749
2332	479	8	2.114
2333	479	5	1.716
2334	479	7	2.061
2335	479	5	1.451
2336	480	9	1.707
2337	480	9	1.621
2338	480	9	1.37
2339	480	8	1.275
2340	480	6	2.056
2341	481	9	2.228
2342	481	8	1.873
2343	481	9	1.669
2344	481	5	1.345
2345	481	9	1.152
2346	482	5	1.204
2347	482	8	1.785
2348	482	6	1.107
2349	482	6	2.421
2350	482	5	1.761
2351	483	8	2.491
2352	483	6	1.232
2353	483	7	1.814
2354	483	8	1.612
2355	483	8	1.872
2356	484	7	1.318
2357	484	9	1.565
2358	484	7	1.101
2359	484	5	1.205
2360	484	9	1.561
2361	485	9	1.36
2362	485	8	1.463
2363	485	7	2.451
2364	485	7	2.071
2365	485	9	1.704
2366	486	9	1.709
2367	486	6	1.213
2368	486	7	2.162
2369	486	5	1.445
2370	486	5	1.409
2371	487	7	1.535
2372	487	9	1.796
2373	487	7	1.971
2374	487	5	2.481
2375	487	9	1.504
2376	488	6	1.153
2377	488	8	1.844
2378	488	5	1.885
2379	488	7	2.199
2380	488	6	2.404
2381	489	9	2.433
2382	489	5	2.075
2383	489	6	1.621
2384	489	6	2.341
2385	489	9	2.204
2386	490	5	2.398
2387	490	5	2.25
2388	490	5	2.02
2389	490	9	1.689
2390	490	5	2.011
2391	491	8	1.216
2392	491	6	1.555
2393	491	6	1.38
2394	491	5	1.903
2395	491	9	1.359
2396	492	8	1.272
2397	492	7	2.277
2398	492	6	1.713
2399	492	6	2.167
2400	492	9	1.329
2401	493	5	1.112
2402	493	6	2.338
2403	493	9	1.394
2404	493	8	1.173
2405	493	8	1.738
2406	494	8	2.411
2407	494	9	1.988
2408	494	9	2.274
2409	494	7	2.471
2410	494	7	2.169
2411	495	9	2.484
2412	495	5	1.324
2413	495	9	2.353
2414	495	8	2.401
2415	495	7	2.493
2416	496	5	1.118
2417	496	7	1.856
2418	496	6	1.109
2419	496	8	1.169
2420	496	5	2.077
2421	497	5	1.901
2422	497	6	2.249
2423	497	5	2.05
2424	497	8	1.463
2425	497	7	2.297
2426	498	6	1.28
2427	498	9	2.229
2428	498	9	1.129
2429	498	9	2.109
2430	498	7	1.327
2431	499	5	1.626
2432	499	6	1.155
2433	499	9	1.217
2434	499	5	2.266
2435	499	6	1.775
2436	500	9	1.345
2437	500	6	2.464
2438	500	8	2.412
2439	500	7	1.131
2440	500	7	1.892
2441	501	6	1.616
2442	501	7	1.849
2443	501	7	1.906
2444	501	8	2.418
2445	501	5	1.505
2446	502	6	2.421
2447	502	9	1.628
2448	502	5	2.137
2449	502	6	1.635
2450	502	6	1.389
2451	503	9	1.55
2452	503	7	2.226
2453	503	6	1.193
2454	503	6	2.394
2455	503	6	1.575
2456	504	7	1.969
2457	504	6	2.491
2458	504	5	1.981
2459	504	6	1.21
2460	504	9	1.895
2461	505	8	1.196
2462	505	8	1.888
2463	505	7	1.352
2464	505	7	1.889
2465	505	9	2.433
2466	506	5	2.143
2467	506	7	2.424
2468	506	9	1.183
2469	506	6	1.458
2470	506	5	1.939
2471	507	6	1.518
2472	507	9	2.451
2473	507	8	1.71
2474	507	8	1.776
2475	507	5	2.036
2476	508	7	1.134
2477	508	9	1.103
2478	508	8	1.159
2479	508	8	1.487
2480	508	7	1.958
2481	509	8	1.897
2482	509	7	1.931
2483	509	6	1.405
2484	509	7	1.374
2485	509	8	1.538
2486	510	9	1.116
2487	510	7	1.965
2488	510	9	1.682
2489	510	8	2.305
2490	510	6	2.305
2491	511	5	2.25
2492	511	6	1.299
2493	511	8	1.993
2494	511	7	1.667
2495	511	5	1.328
2496	512	9	1.843
2497	512	9	1.504
2498	512	6	1.796
2499	512	8	2.084
2500	512	9	1.527
2501	513	5	2.224
2502	513	6	1.612
2503	513	7	2.245
2504	513	5	1.241
2505	513	8	2.127
2506	514	7	1.309
2507	514	7	1.369
2508	514	5	2.144
2509	514	8	2.05
2510	514	8	1.345
2511	515	6	2.33
2512	515	7	1.839
2513	515	6	2.117
2514	515	8	2.129
2515	515	5	2.424
2516	516	7	1.691
2517	516	9	2.201
2518	516	6	2.351
2519	516	6	1.478
2520	516	7	1.454
2521	517	8	1.436
2522	517	7	1.768
2523	517	5	2.295
2524	517	6	2.18
2525	517	9	1.355
2526	518	5	1.698
2527	518	9	2.487
2528	518	9	2.196
2529	518	6	2.294
2530	518	5	1.293
2531	519	8	1.718
2532	519	6	1.642
2533	519	7	2.23
2534	519	5	1.502
2535	519	8	2.105
2536	520	6	1.545
2537	520	6	1.632
2538	520	5	2.009
2539	520	8	2.135
2540	520	8	2.133
2541	521	8	1.293
2542	521	6	2.19
2543	521	6	1.974
2544	521	9	1.272
2545	521	5	1.92
2546	522	7	1.115
2547	522	6	1.837
2548	522	8	2.149
2549	522	8	2.249
2550	522	5	1.945
2551	523	9	2.269
2552	523	8	1.593
2553	523	5	1.741
2554	523	9	1.323
2555	523	7	1.585
2556	524	8	1.66
2557	524	9	1.59
2558	524	7	2.345
2559	524	6	1.659
2560	524	8	1.863
2561	525	9	1.116
2562	525	8	1.232
2563	525	5	2.3
2564	525	8	1.641
2565	525	7	1.292
2566	526	8	1.616
2567	526	8	2.319
2568	526	6	1.159
2569	526	8	1.976
2570	526	8	1.843
2571	527	5	1.157
2572	527	6	2.317
2573	527	5	1.857
2574	527	9	2.354
2575	527	8	1.808
2576	528	7	2.345
2577	528	7	1.867
2578	528	9	2.067
2579	528	5	2.424
2580	528	9	1.343
2581	529	5	1.477
2582	529	9	1.574
2583	529	7	1.573
2584	529	5	1.741
2585	529	9	1.609
2586	530	6	1.483
2587	530	9	1.715
2588	530	6	2.46
2589	530	9	2.057
2590	530	6	1.932
2591	531	7	2.445
2592	531	9	1.997
2593	531	7	2.086
2594	531	7	2.019
2595	531	9	1.414
2596	532	6	1.108
2597	532	9	1.986
2598	532	9	1.702
2599	532	7	2.271
2600	532	8	2.316
2601	533	9	1.999
2602	533	7	1.586
2603	533	5	2.469
2604	533	9	1.527
2605	533	6	1.245
2606	534	6	1.147
2607	534	5	2.212
2608	534	6	1.747
2609	534	9	1.558
2610	534	9	1.727
2611	535	5	1.79
2612	535	9	2.118
2613	535	7	1.79
2614	535	7	1.685
2615	535	5	1.153
2616	536	5	2.06
2617	536	9	1.109
2618	536	9	1.491
2619	536	8	1.332
2620	536	6	1.915
2621	537	8	1.851
2622	537	6	1.813
2623	537	7	1.562
2624	537	8	1.3
2625	537	9	1.774
2626	538	5	1.433
2627	538	8	2.359
2628	538	5	2.264
2629	538	5	1.633
2630	538	5	1.942
2631	539	5	1.702
2632	539	5	1.866
2633	539	9	1.248
2634	539	7	1.396
2635	539	6	1.548
2636	540	6	2.045
2637	540	8	1.956
2638	540	8	2.5
2639	540	8	2.439
2640	540	7	1.878
2641	541	8	1.753
2642	541	6	1.198
2643	541	9	1.57
2644	541	6	1.764
2645	541	9	1.841
2646	542	8	2.468
2647	542	9	1.95
2648	542	8	1.422
2649	542	8	2.041
2650	542	5	1.668
2651	543	5	2.108
2652	543	6	1.997
2653	543	8	1.126
2654	543	7	1.549
2655	543	7	1.101
2656	544	9	1.855
2657	544	7	2.348
2658	544	6	1.209
2659	544	5	1.563
2660	544	9	2.218
2661	545	6	1.933
2662	545	5	1.378
2663	545	5	2.063
2664	545	5	2.5
2665	545	8	2.265
2666	546	8	2.043
2667	546	8	1.219
2668	546	7	2.293
2669	546	8	1.888
2670	546	7	1.361
2671	547	8	1.737
2672	547	5	2.2
2673	547	5	2.297
2674	547	6	1.514
2675	547	9	2.226
2676	548	5	2.386
2677	548	5	2.498
2678	548	5	1.437
2679	548	7	1.792
2680	548	7	1.297
2681	549	5	1.422
2682	549	5	2.179
2683	549	9	2.318
2684	549	6	1.707
2685	549	7	2.265
2686	550	7	1.906
2687	550	9	1.665
2688	550	7	2.171
2689	550	7	1.723
2690	550	9	1.565
2691	551	7	2.45
2692	551	5	1.738
2693	551	9	1.294
2694	551	8	1.67
2695	551	7	1.252
2696	552	8	1.163
2697	552	9	2.041
2698	552	5	1.536
2699	552	8	1.907
2700	552	5	2.427
2701	553	7	1.645
2702	553	6	1.251
2703	553	6	1.997
2704	553	9	2.274
2705	553	5	2.262
2706	554	5	1.719
2707	554	8	2.057
2708	554	9	1.744
2709	554	6	1.305
2710	554	9	1.473
2711	555	8	1.18
2712	555	5	1.424
2713	555	6	1.485
2714	555	5	2.028
2715	555	9	2.472
2716	556	7	2.323
2717	556	8	1.889
2718	556	9	1.169
2719	556	7	2.28
2720	556	5	1.446
2721	557	9	1.433
2722	557	8	1.706
2723	557	5	1.387
2724	557	5	1.441
2725	557	9	2.399
2726	558	8	1.243
2727	558	7	1.869
2728	558	5	1.82
2729	558	8	1.44
2730	558	8	1.2
2731	559	5	2.48
2732	559	7	2.026
2733	559	5	1.965
2734	559	8	1.323
2735	559	6	1.714
2736	560	8	1.399
2737	560	7	2.282
2738	560	6	2.263
2739	560	6	1.366
2740	560	9	2.096
2741	561	8	2.434
2742	561	6	1.461
2743	561	9	2.34
2744	561	9	1.299
2745	561	6	2.104
2746	562	5	1.526
2747	562	7	1.87
2748	562	6	2.154
2749	562	9	1.982
2750	562	6	2.043
2751	563	5	2.086
2752	563	7	1.508
2753	563	5	1.579
2754	563	8	2.289
2755	563	5	1.489
2756	564	9	1.642
2757	564	9	1.331
2758	564	6	1.301
2759	564	9	2.016
2760	564	6	1.459
2761	565	8	2.167
2762	565	8	2.362
2763	565	5	1.129
2764	565	9	1.806
2765	565	8	1.511
2766	566	9	1.758
2767	566	8	2.339
2768	566	7	2.301
2769	566	7	1.65
2770	566	7	1.215
2771	567	7	2.343
2772	567	9	2.352
2773	567	8	2.441
2774	567	7	1.699
2775	567	8	1.52
2776	568	9	1.497
2777	568	6	1.489
2778	568	5	2.319
2779	568	5	2.335
2780	568	6	1.352
2781	569	7	1.939
2782	569	6	2.459
2783	569	8	1.292
2784	569	5	2.486
2785	569	5	2.197
2786	570	5	1.813
2787	570	8	2.474
2788	570	6	1.674
2789	570	8	2.322
2790	570	9	2.24
2791	571	8	1.5
2792	571	7	2.373
2793	571	9	1.925
2794	571	6	1.183
2795	571	8	1.473
2796	572	8	1.965
2797	572	7	1.969
2798	572	9	1.92
2799	572	5	2.181
2800	572	9	2.248
2801	573	8	1.276
2802	573	8	1.837
2803	573	7	1.651
2804	573	7	2.362
2805	573	6	1.687
2806	574	5	1.15
2807	574	5	1.475
2808	574	6	2.129
2809	574	8	2.039
2810	574	7	1.415
2811	575	5	1.799
2812	575	9	1.501
2813	575	5	2.378
2814	575	9	2.213
2815	575	9	2.143
2816	576	7	1.187
2817	576	5	1.352
2818	576	5	2.242
2819	576	5	2.156
2820	576	5	1.152
2821	577	5	1.889
2822	577	8	1.767
2823	577	5	1.517
2824	577	6	1.52
2825	577	6	1.607
2826	578	7	1.519
2827	578	7	1.473
2828	578	5	1.491
2829	578	8	2.147
2830	578	8	1.604
2831	579	6	2.452
2832	579	6	2.053
2833	579	5	1.88
2834	579	5	1.763
2835	579	5	2.035
2836	580	8	2.217
2837	580	8	2.266
2838	580	9	2.382
2839	580	7	1.167
2840	580	8	1.974
2841	581	8	1.102
2842	581	7	1.519
2843	581	8	1.111
2844	581	5	2.187
2845	581	6	1.18
2846	582	6	1.189
2847	582	6	1.855
2848	582	7	2.451
2849	582	6	1.411
2850	582	6	2.061
2851	583	5	1.275
2852	583	8	1.29
2853	583	6	2.458
2854	583	9	2.109
2855	583	6	2.431
2856	584	9	2.017
2857	584	5	2.053
2858	584	9	1.544
2859	584	7	2.167
2860	584	5	1.807
2861	585	8	1.442
2862	585	7	2.028
2863	585	9	1.345
2864	585	5	2.469
2865	585	8	1.263
2866	586	6	1.437
2867	586	6	1.29
2868	586	8	1.921
2869	586	9	2.491
2870	586	7	2.033
2871	587	8	1.669
2872	587	5	2.43
2873	587	9	2.011
2874	587	6	2.06
2875	587	7	1.329
2876	588	7	1.131
2877	588	5	2.02
2878	588	8	1.693
2879	588	9	2.458
2880	588	7	1.594
2881	589	6	1.488
2882	589	7	1.375
2883	589	7	2.485
2884	589	6	1.627
2885	589	6	1.732
2886	590	6	2.088
2887	590	9	1.472
2888	590	9	1.877
2889	590	6	2.326
2890	590	7	2.059
2891	591	9	1.941
2892	591	9	2.311
2893	591	8	1.175
2894	591	6	2.256
2895	591	8	1.722
2896	592	8	1.151
2897	592	8	2.353
2898	592	9	1.407
2899	592	8	1.843
2900	592	7	2.15
2901	593	9	2.033
2902	593	7	1.949
2903	593	9	1.585
2904	593	6	2.133
2905	593	9	1.405
2906	594	5	2.191
2907	594	6	1.168
2908	594	9	1.181
2909	594	9	1.647
2910	594	9	2.088
2911	595	5	2.066
2912	595	8	1.15
2913	595	6	1.363
2914	595	8	1.972
2915	595	5	1.35
2916	596	5	2.307
2917	596	9	2.261
2918	596	5	1.585
2919	596	9	2.327
2920	596	9	1.851
2921	597	8	1.765
2922	597	7	1.723
2923	597	8	1.672
2924	597	9	1.703
2925	597	5	2.082
2926	598	6	2.043
2927	598	8	1.223
2928	598	6	2.048
2929	598	6	1.837
2930	598	6	2.276
2931	599	8	1.514
2932	599	6	2.302
2933	599	7	1.222
2934	599	5	1.273
2935	599	8	1.456
2936	600	7	1.553
2937	600	5	1.293
2938	600	9	2.357
2939	600	8	2.349
2940	600	5	1.93
2941	601	8	2.247
2942	601	7	1.405
2943	601	8	1.395
2944	601	6	1.619
2945	601	8	2.132
2946	602	7	1.48
2947	602	9	1.905
2948	602	5	2.038
2949	602	8	1.928
2950	602	6	1.803
2951	603	6	1.716
2952	603	7	2.46
2953	603	5	1.579
2954	603	6	1.39
2955	603	9	1.233
2956	604	6	1.673
2957	604	5	1.243
2958	604	6	2.218
2959	604	9	1.878
2960	604	9	1.381
2961	605	7	1.16
2962	605	5	2.001
2963	605	7	1.166
2964	605	5	2.227
2965	605	8	1.831
2966	606	9	1.155
2967	606	7	1.309
2968	606	5	1.986
2969	606	9	1.634
2970	606	9	1.552
2971	607	8	2.222
2972	607	9	2.375
2973	607	7	2.064
2974	607	9	2.278
2975	607	6	1.816
2976	608	6	2.062
2977	608	5	1.762
2978	608	8	1.226
2979	608	7	1.792
2980	608	6	1.515
2981	609	9	1.842
2982	609	6	1.241
2983	609	7	1.532
2984	609	9	1.873
2985	609	5	1.198
2986	610	7	2.111
2987	610	9	1.674
2988	610	5	2.23
2989	610	5	2.439
2990	610	5	1.756
2991	611	7	1.54
2992	611	8	2.238
2993	611	8	1.654
2994	611	7	1.985
2995	611	9	2.019
2996	612	9	1.72
2997	612	5	1.225
2998	612	7	1.806
2999	612	6	2.154
3000	612	9	2.463
3001	613	7	1.937
3002	613	6	1.464
3003	613	5	2.202
3004	613	9	2.336
3005	613	9	2.019
3006	614	5	2.153
3007	614	9	1.488
3008	614	6	1.152
3009	614	9	1.239
3010	614	5	1.81
3011	615	8	1.992
3012	615	8	1.393
3013	615	8	2.028
3014	615	9	1.173
3015	615	8	1.599
3016	616	8	1.279
3017	616	8	1.472
3018	616	5	1.449
3019	616	8	2.364
3020	616	8	2.162
3021	617	9	1.659
3022	617	9	1.295
3023	617	7	1.556
3024	617	7	1.472
3025	617	7	2.455
3026	618	9	2.103
3027	618	6	2.467
3028	618	5	2.188
3029	618	7	1.881
3030	618	6	1.191
3031	619	6	2.123
3032	619	5	1.668
3033	619	9	2.169
3034	619	5	2.157
3035	619	9	2.108
3036	620	5	1.664
3037	620	5	2.086
3038	620	7	1.215
3039	620	7	1.24
3040	620	8	1.845
3041	621	7	2.006
3042	621	6	2.251
3043	621	5	2.321
3044	621	9	2.31
3045	621	9	2.02
3046	622	7	1.188
3047	622	8	1.619
3048	622	7	1.261
3049	622	8	1.852
3050	622	5	2.014
3051	623	5	1.515
3052	623	9	2.435
3053	623	7	1.893
3054	623	8	2.126
3055	623	7	2.042
3056	624	6	2.489
3057	624	5	1.153
3058	624	5	2.156
3059	624	9	1.18
3060	624	8	1.505
3061	625	7	1.37
3062	625	7	1.763
3063	625	6	1.771
3064	625	6	2.157
3065	625	6	1.766
3066	626	7	1.455
3067	626	9	2.471
3068	626	7	2.318
3069	626	7	1.457
3070	626	5	1.803
3071	627	7	2.187
3072	627	6	1.914
3073	627	6	2.057
3074	627	9	1.89
3075	627	5	2.234
3076	628	9	1.678
3077	628	5	2.007
3078	628	5	1.844
3079	628	5	1.841
3080	628	9	2.447
3081	629	6	1.89
3082	629	8	1.746
3083	629	6	2.202
3084	629	8	1.791
3085	629	8	2.025
3086	630	7	1.106
3087	630	6	1.909
3088	630	5	1.209
3089	630	9	1.355
3090	630	6	2.086
3091	631	9	1.267
3092	631	8	1.407
3093	631	9	1.279
3094	631	8	2.41
3095	631	5	1.176
3096	632	9	1.369
3097	632	8	2.215
3098	632	8	1.239
3099	632	7	1.361
3100	632	8	1.913
3101	633	9	1.786
3102	633	5	2.04
3103	633	6	2.129
3104	633	5	2.379
3105	633	5	2.262
3106	634	6	1.21
3107	634	5	1.346
3108	634	7	1.109
3109	634	7	1.966
3110	634	6	1.569
3111	635	7	1.667
3112	635	9	1.436
3113	635	9	1.719
3114	635	6	2.166
3115	635	8	2.257
3116	636	5	1.937
3117	636	6	1.21
3118	636	7	2.314
3119	636	5	1.903
3120	636	5	1.511
3121	637	9	1.6
3122	637	6	1.46
3123	637	6	2.326
3124	637	7	1.361
3125	637	9	2.401
3126	638	5	1.121
3127	638	9	2.004
3128	638	5	1.132
3129	638	9	1.595
3130	638	8	1.771
3131	639	9	1.496
3132	639	8	1.484
3133	639	8	2.421
3134	639	5	2.481
3135	639	8	2.253
3136	640	6	1.195
3137	640	8	1.6
3138	640	9	1.734
3139	640	9	1.898
3140	640	8	1.479
3141	641	6	2.335
3142	641	5	1.547
3143	641	7	2.131
3144	641	7	2.193
3145	641	5	1.394
3146	642	5	1.932
3147	642	8	1.621
3148	642	7	1.341
3149	642	5	1.686
3150	642	5	1.195
3151	643	5	1.585
3152	643	7	1.941
3153	643	6	1.773
3154	643	6	1.844
3155	643	5	1.535
3156	644	5	2.43
3157	644	8	1.974
3158	644	9	2.314
3159	644	9	2.214
3160	644	8	2.447
3161	645	5	1.62
3162	645	9	2.322
3163	645	8	2.185
3164	645	7	1.348
3165	645	8	1.955
3166	646	5	1.36
3167	646	8	1.894
3168	646	7	1.971
3169	646	6	2.402
3170	646	9	1.508
3171	647	9	1.623
3172	647	8	2.346
3173	647	6	1.549
3174	647	9	2.33
3175	647	8	1.392
3176	648	6	2.322
3177	648	6	1.776
3178	648	7	1.286
3179	648	5	1.458
3180	648	6	1.451
3181	649	9	1.974
3182	649	5	1.985
3183	649	7	2.462
3184	649	5	2.095
3185	649	5	1.994
3186	650	9	1.977
3187	650	5	1.123
3188	650	5	1.905
3189	650	7	1.511
3190	650	5	1.83
3191	651	5	2.032
3192	651	8	1.718
3193	651	5	1.388
3194	651	8	1.76
3195	651	9	1.9
3196	652	7	2.133
3197	652	5	1.351
3198	652	6	1.685
3199	652	5	2.156
3200	652	5	1.231
3201	653	8	1.933
3202	653	7	2.437
3203	653	5	2.055
3204	653	8	1.65
3205	653	7	1.45
3206	654	9	1.809
3207	654	7	1.103
3208	654	5	1.429
3209	654	6	2.066
3210	654	7	1.916
3211	655	7	2.317
3212	655	6	1.942
3213	655	9	1.327
3214	655	7	2.489
3215	655	9	1.708
3216	656	8	1.983
3217	656	6	1.277
3218	656	8	2.218
3219	656	6	1.115
3220	656	7	1.795
3221	657	7	1.721
3222	657	5	2.494
3223	657	5	2.396
3224	657	9	2.239
3225	657	5	1.651
3226	658	9	1.326
3227	658	7	1.736
3228	658	6	1.258
3229	658	5	1.839
3230	658	9	2.343
3231	659	6	2.132
3232	659	9	1.991
3233	659	6	2.338
3234	659	8	1.424
3235	659	8	1.794
3236	660	5	1.377
3237	660	5	2.05
3238	660	9	1.784
3239	660	9	1.2
3240	660	7	2.095
3241	661	9	1.454
3242	661	5	1.35
3243	661	7	1.613
3244	661	6	2.051
3245	661	6	2.197
3246	662	5	1.957
3247	662	8	1.15
3248	662	9	2.049
3249	662	8	2.136
3250	662	9	1.11
3251	663	7	1.512
3252	663	5	1.939
3253	663	7	1.351
3254	663	7	2.089
3255	663	5	2.092
3256	664	5	1.944
3257	664	9	2.022
3258	664	7	2.333
3259	664	6	2.053
3260	664	7	2.163
3261	665	8	2.23
3262	665	9	2.483
3263	665	5	1.138
3264	665	6	1.975
3265	665	6	2.243
3266	666	8	1.783
3267	666	6	1.142
3268	666	8	1.684
3269	666	8	1.525
3270	666	5	1.878
3271	667	5	1.803
3272	667	5	1.466
3273	667	8	2.244
3274	667	5	1.966
3275	667	7	1.867
3276	668	7	2.132
3277	668	9	2.032
3278	668	6	2.257
3279	668	6	2.485
3280	668	6	1.11
3281	669	7	1.492
3282	669	8	1.109
3283	669	9	2.379
3284	669	5	1.588
3285	669	9	1.96
3286	670	6	1.258
3287	670	9	2.12
3288	670	9	1.837
3289	670	8	1.589
3290	670	8	1.205
3291	671	9	1.925
3292	671	6	1.564
3293	671	6	2.133
3294	671	5	1.784
3295	671	9	1.155
3296	672	6	2.174
3297	672	7	1.127
3298	672	5	2.296
3299	672	6	2.231
3300	672	9	1.64
3301	673	7	1.369
3302	673	8	1.436
3303	673	7	2.496
3304	673	8	1.66
3305	673	7	1.968
3306	674	5	2.148
3307	674	9	1.414
3308	674	8	1.341
3309	674	7	1.238
3310	674	9	1.431
3311	675	5	1.438
3312	675	8	1.676
3313	675	9	1.64
3314	675	9	2.162
3315	675	5	2.093
3316	676	7	1.171
3317	676	7	2.002
3318	676	8	1.63
3319	676	5	1.544
3320	676	7	1.706
3321	677	8	1.973
3322	677	5	2.453
3323	677	7	1.474
3324	677	8	1.564
3325	677	7	2.09
3326	678	7	2.181
3327	678	8	1.401
3328	678	9	1.944
3329	678	9	2.193
3330	678	6	2.111
3331	679	8	1.849
3332	679	6	1.829
3333	679	5	2.29
3334	679	9	1.492
3335	679	7	1.961
3336	680	6	2.206
3337	680	6	2.052
3338	680	6	1.518
3339	680	5	1.315
3340	680	7	1.886
3341	681	8	2.065
3342	681	9	2.175
3343	681	9	1.864
3344	681	6	1.402
3345	681	6	2.379
3346	682	9	1.157
3347	682	9	1.387
3348	682	7	1.36
3349	682	9	1.746
3350	682	7	1.445
3351	683	8	1.855
3352	683	6	2.449
3353	683	6	1.737
3354	683	6	2.156
3355	683	5	1.505
3356	684	9	2.279
3357	684	8	1.886
3358	684	6	1.515
3359	684	7	1.143
3360	684	8	1.859
3361	685	8	1.686
3362	685	9	1.426
3363	685	9	2.002
3364	685	6	1.884
3365	685	5	1.844
3366	686	8	1.503
3367	686	8	1.79
3368	686	7	1.586
3369	686	6	1.385
3370	686	5	2.067
3371	687	8	2.004
3372	687	8	1.862
3373	687	8	1.588
3374	687	7	1.484
3375	687	6	1.46
3376	688	5	1.523
3377	688	7	1.971
3378	688	6	2.188
3379	688	9	2.23
3380	688	6	1.935
3381	689	5	1.681
3382	689	6	1.131
3383	689	5	1.679
3384	689	9	1.352
3385	689	6	1.743
3386	690	7	1.535
3387	690	8	2.063
3388	690	9	2.43
3389	690	5	1.578
3390	690	7	2.263
3391	691	9	1.506
3392	691	6	2.137
3393	691	8	1.663
3394	691	8	1.794
3395	691	5	1.249
3396	692	8	2.118
3397	692	5	1.354
3398	692	6	2.041
3399	692	6	2.145
3400	692	7	1.279
3401	693	9	1.155
3402	693	9	2.192
3403	693	6	2.214
3404	693	9	1.434
3405	693	9	2.086
3406	694	8	2.441
3407	694	5	1.508
3408	694	8	1.969
3409	694	5	1.152
3410	694	6	1.427
3411	695	8	1.186
3412	695	7	1.134
3413	695	9	1.14
3414	695	8	1.891
3415	695	6	1.494
3416	696	5	1.177
3417	696	7	1.51
3418	696	8	1.529
3419	696	6	2.346
3420	696	6	2.352
3421	697	6	2.445
3422	697	5	2.127
3423	697	5	1.999
3424	697	8	1.588
3425	697	5	2.48
3426	698	6	1.845
3427	698	6	2.479
3428	698	6	1.708
3429	698	7	2.394
3430	698	6	1.916
3431	699	7	1.695
3432	699	6	1.974
3433	699	7	2.495
3434	699	9	1.937
3435	699	6	1.939
3436	700	6	1.119
3437	700	6	1.753
3438	700	5	2.153
3439	700	9	1.719
3440	700	5	1.379
3441	701	9	1.342
3442	701	6	1.218
3443	701	8	2.007
3444	701	6	2.062
3445	701	8	1.519
3446	702	8	1.93
3447	702	6	1.974
3448	702	8	1.825
3449	702	6	1.303
3450	702	8	2.431
3451	703	7	2.012
3452	703	6	1.129
3453	703	5	2.319
3454	703	6	2.37
3455	703	7	2.493
3456	704	6	2.169
3457	704	5	1.755
3458	704	7	1.721
3459	704	7	1.743
3460	704	6	1.193
3461	705	7	1.22
3462	705	9	1.29
3463	705	9	2.313
3464	705	9	2.038
3465	705	6	2.025
3466	706	8	1.457
3467	706	6	1.722
3468	706	8	1.692
3469	706	8	1.696
3470	706	8	1.4
3471	707	9	2.137
3472	707	8	2.144
3473	707	8	1.351
3474	707	7	2.435
3475	707	6	1.294
3476	708	9	1.441
3477	708	8	1.316
3478	708	7	2.151
3479	708	8	2.149
3480	708	7	2.09
3481	709	7	1.809
3482	709	7	2.009
3483	709	9	1.537
3484	709	8	2.04
3485	709	8	1.53
3486	710	5	2.404
3487	710	7	1.131
3488	710	6	1.949
3489	710	7	2.12
3490	710	5	1.993
3491	711	8	2.176
3492	711	7	1.607
3493	711	9	2.147
3494	711	5	1.687
3495	711	7	1.476
3496	712	7	1.514
3497	712	7	2.248
3498	712	8	1.929
3499	712	6	1.902
3500	712	7	2.192
3501	713	5	1.232
3502	713	6	1.973
3503	713	6	1.493
3504	713	7	2.104
3505	713	9	2.143
3506	714	9	1.332
3507	714	9	1.339
3508	714	5	2.167
3509	714	8	1.6
3510	714	9	2.397
3511	715	5	1.193
3512	715	7	1.762
3513	715	6	2.077
3514	715	6	2.03
3515	715	9	1.134
3516	716	9	1.637
3517	716	5	1.505
3518	716	9	2.344
3519	716	6	1.783
3520	716	5	2.442
3521	717	9	1.127
3522	717	5	1.708
3523	717	9	1.335
3524	717	5	1.896
3525	717	5	2.356
3526	718	6	2.249
3527	718	7	1.708
3528	718	5	1.969
3529	718	6	2.118
3530	718	6	2.32
3531	719	6	1.716
3532	719	7	2.198
3533	719	7	2.02
3534	719	7	1.258
3535	719	9	1.82
3536	720	7	2.478
3537	720	6	1.343
3538	720	8	1.435
3539	720	5	2.289
3540	720	6	2.277
3541	721	9	2.365
3542	721	6	2.446
3543	721	9	1.624
3544	721	7	1.469
3545	721	8	2.442
3546	722	6	2.362
3547	722	5	2.084
3548	722	8	2.153
3549	722	9	2.038
3550	722	6	1.914
3551	723	9	2.022
3552	723	8	1.376
3553	723	8	1.964
3554	723	6	2.183
3555	723	5	2.262
3556	724	6	1.573
3557	724	7	1.525
3558	724	7	1.72
3559	724	8	2.127
3560	724	8	2.066
3561	725	5	1.226
3562	725	6	1.968
3563	725	7	2.049
3564	725	9	2.037
3565	725	6	1.733
3566	726	9	2.412
3567	726	9	1.289
3568	726	7	1.17
3569	726	9	1.801
3570	726	5	1.105
3571	727	7	1.365
3572	727	9	2.192
3573	727	5	2.49
3574	727	7	2.357
3575	727	5	2.418
3576	728	8	1.247
3577	728	5	1.235
3578	728	7	1.369
3579	728	7	1.225
3580	728	5	2.037
3581	729	8	1.319
3582	729	6	1.165
3583	729	5	1.51
3584	729	6	2.422
3585	729	7	2.341
3586	730	8	1.116
3587	730	6	1.631
3588	730	8	2.008
3589	730	6	1.194
3590	730	8	1.585
3591	731	9	1.773
3592	731	5	2.247
3593	731	8	1.362
3594	731	6	1.837
3595	731	9	2.249
3596	732	8	1.75
3597	732	6	1.684
3598	732	6	1.857
3599	732	9	1.796
3600	732	5	1.96
3601	733	6	1.309
3602	733	5	1.679
3603	733	5	2.215
3604	733	7	1.833
3605	733	5	1.617
3606	734	8	2.193
3607	734	9	2.42
3608	734	5	1.135
3609	734	9	2.028
3610	734	7	2.484
3611	735	9	1.146
3612	735	7	1.376
3613	735	9	1.682
3614	735	5	1.474
3615	735	6	2.249
3616	736	9	2.246
3617	736	9	1.75
3618	736	5	2.029
3619	736	5	1.456
3620	736	9	1.316
3621	737	8	2.096
3622	737	5	1.857
3623	737	6	2.351
3624	737	9	2.329
3625	737	9	2.254
3626	738	5	1.747
3627	738	7	1.803
3628	738	6	1.647
3629	738	6	2.324
3630	738	7	1.976
3631	739	6	1.811
3632	739	5	1.122
3633	739	6	1.529
3634	739	6	2.416
3635	739	9	1.107
3636	740	6	2.111
3637	740	8	1.728
3638	740	5	1.374
3639	740	7	1.58
3640	740	6	2.087
3641	741	8	1.91
3642	741	8	1.582
3643	741	8	1.148
3644	741	8	1.39
3645	741	9	2.333
3646	742	5	1.829
3647	742	5	1.856
3648	742	6	2.269
3649	742	9	2.153
3650	742	5	1.206
3651	743	5	2.467
3652	743	8	1.303
3653	743	8	1.326
3654	743	7	2.374
3655	743	6	2.195
3656	744	7	1.946
3657	744	6	1.109
3658	744	8	2.387
3659	744	6	2.096
3660	744	7	1.591
3661	745	8	1.175
3662	745	7	1.276
3663	745	7	1.685
3664	745	9	1.931
3665	745	8	1.682
3666	746	7	1.515
3667	746	5	1.595
3668	746	6	2.311
3669	746	6	2.489
3670	746	9	2.171
3671	747	6	2.471
3672	747	7	1.961
3673	747	7	1.283
3674	747	8	2.071
3675	747	9	2.344
3676	748	7	2.291
3677	748	5	1.912
3678	748	7	2.092
3679	748	7	2.331
3680	748	8	1.335
3681	749	8	1.601
3682	749	5	1.697
3683	749	9	2.499
3684	749	9	1.285
3685	749	6	1.205
3686	750	7	1.213
3687	750	8	1.873
3688	750	9	1.336
3689	750	9	1.367
3690	750	5	1.864
3691	751	7	1.777
3692	751	9	2.442
3693	751	6	1.688
3694	751	8	1.959
3695	751	5	2.265
3696	752	9	1.676
3697	752	7	1.723
3698	752	7	1.939
3699	752	8	2.12
3700	752	9	1.574
3701	753	5	1.753
3702	753	9	1.289
3703	753	6	2.292
3704	753	6	1.584
3705	753	6	1.444
3706	754	8	1.414
3707	754	7	1.444
3708	754	6	1.215
3709	754	8	1.949
3710	754	5	2.378
3711	755	9	1.577
3712	755	5	2.291
3713	755	8	1.394
3714	755	6	2.492
3715	755	5	1.118
3716	756	8	1.293
3717	756	6	1.765
3718	756	8	1.944
3719	756	5	1.527
3720	756	7	1.937
3721	757	7	1.64
3722	757	8	2.495
3723	757	5	2.296
3724	757	7	2.212
3725	757	9	2.492
3726	758	5	2.327
3727	758	5	2.172
3728	758	8	2.18
3729	758	9	1.624
3730	758	6	2.447
3731	759	5	1.9
3732	759	8	1.568
3733	759	5	1.549
3734	759	5	2.141
3735	759	7	1.32
3736	760	9	1.225
3737	760	5	1.943
3738	760	5	1.697
3739	760	6	1.518
3740	760	9	1.222
3741	761	9	1.672
3742	761	7	2.004
3743	761	6	2.135
3744	761	7	1.756
3745	761	8	1.222
3746	762	8	1.645
3747	762	8	1.375
3748	762	5	1.859
3749	762	6	1.635
3750	762	7	2.494
3751	763	7	1.33
3752	763	5	2.348
3753	763	7	2.373
3754	763	8	1.959
3755	763	8	1.508
3756	764	7	2.139
3757	764	9	1.262
3758	764	6	1.832
3759	764	7	2.247
3760	764	7	1.447
3761	765	9	1.325
3762	765	7	1.169
3763	765	8	1.949
3764	765	7	1.24
3765	765	7	2.234
3766	766	9	1.407
3767	766	7	2.241
3768	766	9	2.064
3769	766	7	1.256
3770	766	6	2.345
3771	767	9	2.258
3772	767	6	2.053
3773	767	5	1.442
3774	767	7	1.695
3775	767	9	1.179
3776	768	7	1.846
3777	768	8	1.585
3778	768	5	2.308
3779	768	5	1.753
3780	768	6	1.467
3781	769	9	1.918
3782	769	8	2.456
3783	769	8	1.29
3784	769	6	1.666
3785	769	9	1.229
3786	770	8	1.403
3787	770	9	1.442
3788	770	5	2.483
3789	770	6	1.963
3790	770	7	1.494
3791	771	6	1.427
3792	771	8	2.001
3793	771	5	1.528
3794	771	9	1.216
3795	771	6	2.197
3796	772	6	1.803
3797	772	6	1.386
3798	772	8	2.465
3799	772	7	1.611
3800	772	9	1.871
3801	773	8	1.621
3802	773	5	2.451
3803	773	9	2.231
3804	773	9	2.176
3805	773	6	1.227
3806	774	5	1.251
3807	774	7	1.984
3808	774	8	1.575
3809	774	6	1.887
3810	774	5	2.435
3811	775	6	1.293
3812	775	6	1.513
3813	775	9	1.712
3814	775	5	1.879
3815	775	8	2.191
3816	776	7	1.394
3817	776	7	2.386
3818	776	5	1.734
3819	776	6	1.132
3820	776	5	1.913
3821	777	7	1.821
3822	777	5	1.103
3823	777	6	2.43
3824	777	6	2.279
3825	777	7	2.296
3826	778	6	1.555
3827	778	5	2.138
3828	778	8	1.889
3829	778	9	1.72
3830	778	7	2.489
3831	779	5	1.639
3832	779	8	2.042
3833	779	7	1.63
3834	779	5	1.467
3835	779	8	2.132
3836	780	7	2.287
3837	780	6	2.461
3838	780	5	2.114
3839	780	9	1.385
3840	780	7	1.198
3841	781	8	2.343
3842	781	8	1.111
3843	781	8	2.152
3844	781	8	1.938
3845	781	6	1.829
3846	782	8	1.62
3847	782	5	1.996
3848	782	6	1.447
3849	782	9	1.336
3850	782	9	1.625
3851	783	7	2.227
3852	783	6	2.459
3853	783	6	1.534
3854	783	5	1.487
3855	783	8	1.632
3856	784	9	2.453
3857	784	5	1.243
3858	784	9	1.919
3859	784	5	1.158
3860	784	7	1.659
3861	785	5	1.715
3862	785	9	1.115
3863	785	5	1.797
3864	785	6	1.313
3865	785	9	1.158
3866	786	7	1.351
3867	786	8	2.258
3868	786	8	2.098
3869	786	9	1.71
3870	786	6	1.416
3871	787	7	2.044
3872	787	7	1.752
3873	787	6	1.293
3874	787	6	1.737
3875	787	9	1.182
3876	788	8	2.381
3877	788	7	2.084
3878	788	8	1.787
3879	788	8	1.109
3880	788	7	1.498
3881	789	6	1.911
3882	789	9	1.553
3883	789	6	2.324
3884	789	5	1.177
3885	789	6	1.316
3886	790	9	2.296
3887	790	8	1.308
3888	790	6	2.218
3889	790	5	1.603
3890	790	6	2.138
3891	791	6	1.369
3892	791	6	2.051
3893	791	6	1.452
3894	791	7	1.896
3895	791	5	2.266
3896	792	6	2.342
3897	792	7	1.3
3898	792	8	2.029
3899	792	8	2.412
3900	792	6	1.641
3901	793	7	1.229
3902	793	7	2.166
3903	793	5	1.301
3904	793	7	1.955
3905	793	9	2.494
3906	794	9	1.286
3907	794	8	2.409
3908	794	9	2.324
3909	794	5	1.959
3910	794	5	1.725
3911	795	9	1.238
3912	795	7	2.222
3913	795	5	2.175
3914	795	7	1.845
3915	795	8	1.398
3916	796	6	1.945
3917	796	9	1.671
3918	796	7	1.931
3919	796	9	2.431
3920	796	6	1.848
3921	797	7	2.15
3922	797	7	1.245
3923	797	8	1.319
3924	797	5	2.499
3925	797	9	2.349
3926	798	5	1.256
3927	798	9	2.479
3928	798	5	2.214
3929	798	7	1.385
3930	798	5	1.488
3931	799	9	2.482
3932	799	9	1.388
3933	799	9	2.237
3934	799	7	2.362
3935	799	5	1.693
3936	800	9	2.481
3937	800	5	2.038
3938	800	8	1.273
3939	800	5	1.732
3940	800	8	1.301
3941	801	8	2.037
3942	801	8	1.615
3943	801	8	1.206
3944	801	8	1.322
3945	801	5	2.219
3946	802	9	1.676
3947	802	5	1.905
3948	802	5	1.65
3949	802	7	1.388
3950	802	8	1.264
3951	803	9	2.354
3952	803	9	2.102
3953	803	5	2.498
3954	803	9	1.695
3955	803	8	2.221
3956	804	7	2.294
3957	804	9	1.283
3958	804	7	1.77
3959	804	7	1.142
3960	804	5	1.367
3961	805	9	1.558
3962	805	7	1.458
3963	805	8	1.445
3964	805	7	1.712
3965	805	9	1.552
3966	806	8	1.956
3967	806	8	2.024
3968	806	5	1.365
3969	806	7	1.861
3970	806	7	1.481
3971	807	8	1.338
3972	807	6	1.561
3973	807	5	1.192
3974	807	8	1.602
3975	807	5	1.738
3976	808	7	1.776
3977	808	8	1.45
3978	808	7	1.9
3979	808	6	2.075
3980	808	9	2.038
3981	809	7	1.454
3982	809	6	1.601
3983	809	5	2.054
3984	809	8	1.403
3985	809	6	1.244
3986	810	9	1.159
3987	810	7	1.836
3988	810	5	1.997
3989	810	8	1.176
3990	810	6	1.835
3991	811	6	2.434
3992	811	8	1.135
3993	811	9	2.019
3994	811	5	2.06
3995	811	9	1.874
3996	812	5	1.634
3997	812	6	2.147
3998	812	8	1.947
3999	812	6	1.921
4000	812	8	2.115
4001	813	5	1.423
4002	813	6	2.282
4003	813	8	2.187
4004	813	5	1.188
4005	813	5	1.369
4006	814	7	1.722
4007	814	5	1.146
4008	814	8	2.167
4009	814	6	1.129
4010	814	7	1.343
4011	815	5	1.444
4012	815	9	1.953
4013	815	8	1.963
4014	815	9	2.084
4015	815	7	1.15
4016	816	8	1.486
4017	816	5	1.698
4018	816	9	1.316
4019	816	5	1.526
4020	816	5	1.919
4021	817	6	1.687
4022	817	5	1.206
4023	817	8	2.216
4024	817	9	1.825
4025	817	5	1.449
4026	818	7	1.175
4027	818	8	1.955
4028	818	5	1.487
4029	818	7	1.483
4030	818	6	1.937
4031	819	8	1.843
4032	819	7	1.644
4033	819	8	1.224
4034	819	5	1.407
4035	819	6	1.167
4036	820	6	1.962
4037	820	6	1.544
4038	820	7	1.845
4039	820	7	2.041
4040	820	9	1.788
4041	821	5	1.937
4042	821	8	1.537
4043	821	5	1.622
4044	821	9	1.324
4045	821	9	2.0
4046	822	6	1.356
4047	822	8	2.282
4048	822	7	1.685
4049	822	6	1.797
4050	822	7	1.808
4051	823	9	2.008
4052	823	9	1.155
4053	823	7	2.128
4054	823	5	2.337
4055	823	5	1.79
4056	824	9	2.011
4057	824	8	2.065
4058	824	6	1.208
4059	824	6	1.686
4060	824	6	2.025
4061	825	7	1.146
4062	825	9	1.321
4063	825	8	1.476
4064	825	6	1.514
4065	825	6	1.945
4066	826	9	1.982
4067	826	7	1.718
4068	826	6	1.826
4069	826	7	2.297
4070	826	5	2.109
4071	827	7	1.712
4072	827	9	2.322
4073	827	5	2.146
4074	827	7	1.447
4075	827	8	1.675
4076	828	5	2.168
4077	828	9	2.246
4078	828	7	1.252
4079	828	5	2.025
4080	828	9	2.404
4081	829	7	1.142
4082	829	8	2.225
4083	829	6	1.34
4084	829	5	2.383
4085	829	9	2.453
4086	830	5	1.256
4087	830	7	2.193
4088	830	5	1.193
4089	830	5	1.634
4090	830	6	2.234
4091	831	9	2.142
4092	831	6	2.009
4093	831	9	1.168
4094	831	9	1.696
4095	831	9	1.109
4096	832	8	1.356
4097	832	6	1.806
4098	832	8	1.872
4099	832	6	2.225
4100	832	7	1.559
4101	833	5	1.937
4102	833	9	1.864
4103	833	7	2.295
4104	833	7	1.887
4105	833	8	2.476
4106	834	9	2.17
4107	834	5	1.845
4108	834	6	1.73
4109	834	9	1.71
4110	834	8	2.381
4111	835	5	1.863
4112	835	5	1.197
4113	835	5	2.368
4114	835	6	1.747
4115	835	7	1.313
4116	836	6	1.529
4117	836	6	1.495
4118	836	8	1.982
4119	836	7	1.269
4120	836	9	2.059
4121	837	6	2.041
4122	837	5	2.43
4123	837	8	2.082
4124	837	9	1.656
4125	837	9	1.104
4126	838	9	1.887
4127	838	9	1.237
4128	838	8	2.056
4129	838	9	1.278
4130	838	7	2.155
4131	839	8	1.807
4132	839	8	2.46
4133	839	5	2.101
4134	839	6	1.273
4135	839	6	1.452
4136	840	6	1.232
4137	840	7	2.484
4138	840	6	1.115
4139	840	6	1.559
4140	840	9	1.194
4141	841	6	1.44
4142	841	5	1.163
4143	841	7	2.454
4144	841	7	2.416
4145	841	5	1.907
4146	842	6	2.047
4147	842	7	1.715
4148	842	8	1.296
4149	842	5	1.659
4150	842	6	1.966
4151	843	8	2.229
4152	843	8	2.466
4153	843	8	1.426
4154	843	5	1.685
4155	843	7	1.601
4156	844	7	1.359
4157	844	6	1.777
4158	844	6	1.648
4159	844	7	2.19
4160	844	5	2.126
4161	845	8	2.061
4162	845	9	1.846
4163	845	8	1.358
4164	845	9	1.229
4165	845	7	1.632
4166	846	6	1.439
4167	846	9	1.84
4168	846	9	1.645
4169	846	8	1.942
4170	846	8	1.341
4171	847	5	1.386
4172	847	9	2.028
4173	847	8	2.117
4174	847	8	2.12
4175	847	9	2.009
4176	848	8	1.953
4177	848	9	2.307
4178	848	6	2.031
4179	848	6	2.153
4180	848	9	2.449
4181	849	5	1.328
4182	849	8	2.422
4183	849	6	1.162
4184	849	5	2.128
4185	849	8	1.781
4186	850	6	1.926
4187	850	6	2.051
4188	850	8	1.838
4189	850	6	2.362
4190	850	7	2.324
4191	851	8	2.1
4192	851	9	1.859
4193	851	5	2.04
4194	851	9	1.201
4195	851	9	2.331
4196	852	7	2.133
4197	852	9	1.155
4198	852	9	2.347
4199	852	6	2.46
4200	852	7	2.157
4201	853	9	1.739
4202	853	7	1.579
4203	853	6	2.032
4204	853	5	1.56
4205	853	8	1.409
4206	854	6	1.634
4207	854	8	1.733
4208	854	6	1.289
4209	854	8	1.841
4210	854	7	1.937
4211	855	6	2.412
4212	855	5	1.482
4213	855	6	1.861
4214	855	8	2.004
4215	855	6	2.327
4216	856	5	1.347
4217	856	9	2.162
4218	856	6	1.472
4219	856	7	1.26
4220	856	6	2.454
4221	857	9	2.054
4222	857	9	2.398
4223	857	6	1.797
4224	857	9	2.407
4225	857	6	1.549
4226	858	9	2.364
4227	858	7	1.24
4228	858	7	2.274
4229	858	5	1.288
4230	858	9	1.477
4231	859	6	1.365
4232	859	5	1.959
4233	859	5	1.871
4234	859	7	1.864
4235	859	5	2.397
4236	860	9	2.265
4237	860	7	1.934
4238	860	5	1.514
4239	860	7	1.732
4240	860	6	1.178
4241	861	9	2.414
4242	861	7	2.286
4243	861	6	2.45
4244	861	9	1.629
4245	861	7	1.457
4246	862	9	1.8
4247	862	6	2.201
4248	862	8	1.728
4249	862	6	1.424
4250	862	9	2.036
4251	863	5	2.048
4252	863	7	1.318
4253	863	9	2.28
4254	863	9	1.445
4255	863	6	1.125
4256	864	6	2.375
4257	864	8	1.474
4258	864	7	1.599
4259	864	5	2.113
4260	864	6	2.429
4261	865	9	1.809
4262	865	7	1.967
4263	865	5	2.09
4264	865	8	1.939
4265	865	6	1.254
4266	866	6	2.486
4267	866	6	2.228
4268	866	8	1.119
4269	866	6	2.297
4270	866	6	1.699
4271	867	9	1.353
4272	867	9	1.691
4273	867	6	1.125
4274	867	7	2.358
4275	867	7	2.017
4276	868	7	2.496
4277	868	9	1.827
4278	868	7	1.536
4279	868	8	1.405
4280	868	7	2.494
4281	869	6	1.911
4282	869	8	2.069
4283	869	7	1.168
4284	869	7	1.614
4285	869	5	1.943
4286	870	9	1.619
4287	870	5	1.543
4288	870	5	2.069
4289	870	6	1.58
4290	870	7	1.566
4291	871	9	1.715
4292	871	6	1.868
4293	871	9	1.681
4294	871	8	1.826
4295	871	6	2.084
4296	872	9	1.617
4297	872	6	2.413
4298	872	8	1.605
4299	872	6	1.929
4300	872	6	1.612
4301	873	9	1.151
4302	873	9	2.477
4303	873	7	2.258
4304	873	8	1.15
4305	873	5	1.627
4306	874	7	1.341
4307	874	6	2.086
4308	874	8	1.723
4309	874	9	1.892
4310	874	8	2.253
4311	875	8	1.678
4312	875	9	2.262
4313	875	6	1.737
4314	875	6	1.806
4315	875	8	2.132
4316	876	5	1.452
4317	876	5	2.311
4318	876	8	1.873
4319	876	7	2.092
4320	876	5	1.226
4321	877	8	2.274
4322	877	6	1.288
4323	877	9	1.238
4324	877	8	1.953
4325	877	6	1.832
4326	878	7	2.45
4327	878	9	1.472
4328	878	6	2.026
4329	878	9	2.247
4330	878	5	1.656
4331	879	9	1.767
4332	879	6	1.71
4333	879	8	1.702
4334	879	7	1.295
4335	879	7	1.185
4336	880	7	2.379
4337	880	9	1.709
4338	880	5	1.482
4339	880	8	1.965
4340	880	7	2.111
4341	881	8	2.424
4342	881	6	1.208
4343	881	5	2.227
4344	881	9	2.447
4345	881	6	2.308
4346	882	6	2.014
4347	882	8	1.642
4348	882	9	1.293
4349	882	8	1.729
4350	882	9	2.197
4351	883	5	2.365
4352	883	6	1.141
4353	883	9	1.505
4354	883	9	1.926
4355	883	6	1.915
4356	884	6	1.653
4357	884	5	1.302
4358	884	7	2.226
4359	884	8	2.255
4360	884	9	2.217
4361	885	7	2.31
4362	885	5	2.395
4363	885	6	1.954
4364	885	8	2.484
4365	885	5	1.747
4366	886	5	1.971
4367	886	7	2.193
4368	886	9	1.687
4369	886	6	1.948
4370	886	5	1.468
4371	887	5	1.596
4372	887	8	1.961
4373	887	6	2.354
4374	887	8	1.527
4375	887	7	1.192
4376	888	9	1.908
4377	888	9	2.16
4378	888	8	2.345
4379	888	6	1.184
4380	888	7	1.289
4381	889	9	2.062
4382	889	7	1.343
4383	889	6	2.247
4384	889	6	1.854
4385	889	6	2.248
4386	890	8	2.338
4387	890	9	1.313
4388	890	6	2.233
4389	890	8	2.028
4390	890	6	2.35
4391	891	9	1.361
4392	891	5	1.306
4393	891	7	2.189
4394	891	5	1.284
4395	891	5	1.652
4396	892	9	1.917
4397	892	8	1.269
4398	892	7	1.617
4399	892	5	2.214
4400	892	5	1.36
4401	893	6	1.798
4402	893	8	1.614
4403	893	9	2.125
4404	893	6	1.522
4405	893	6	1.581
4406	894	5	1.577
4407	894	8	2.474
4408	894	9	1.35
4409	894	8	2.022
4410	894	6	1.235
4411	895	5	1.216
4412	895	8	1.158
4413	895	8	1.699
4414	895	5	2.237
4415	895	9	1.967
4416	896	8	2.273
4417	896	5	1.468
4418	896	5	1.862
4419	896	5	1.937
4420	896	7	1.38
4421	897	5	1.369
4422	897	5	1.5
4423	897	5	1.847
4424	897	9	2.444
4425	897	9	1.775
4426	898	9	1.684
4427	898	5	1.113
4428	898	6	1.543
4429	898	9	1.738
4430	898	7	2.15
4431	899	5	1.422
4432	899	7	1.639
4433	899	6	2.433
4434	899	8	1.251
4435	899	6	1.471
4436	900	6	1.259
4437	900	9	1.936
4438	900	5	1.687
4439	900	5	2.448
4440	900	7	2.465
4441	901	5	1.534
4442	901	8	1.98
4443	901	7	1.699
4444	901	8	2.131
4445	901	6	1.687
4446	902	7	2.055
4447	902	8	2.327
4448	902	7	1.107
4449	902	8	1.175
4450	902	7	1.484
4451	903	8	2.324
4452	903	7	1.463
4453	903	5	1.149
4454	903	8	2.42
4455	903	6	2.384
4456	904	6	1.22
4457	904	5	2.238
4458	904	7	2.072
4459	904	9	1.895
4460	904	9	1.391
4461	905	5	1.723
4462	905	5	1.527
4463	905	6	1.831
4464	905	9	2.48
4465	905	6	1.873
4466	906	9	1.893
4467	906	8	1.266
4468	906	6	2.279
4469	906	6	1.208
4470	906	5	1.71
4471	907	8	1.402
4472	907	5	2.467
4473	907	7	2.004
4474	907	7	2.361
4475	907	5	2.262
4476	908	7	1.505
4477	908	9	1.25
4478	908	7	1.37
4479	908	8	2.47
4480	908	7	1.426
4481	909	5	2.077
4482	909	8	1.702
4483	909	8	1.284
4484	909	9	1.917
4485	909	8	2.409
4486	910	6	1.587
4487	910	6	1.368
4488	910	6	1.629
4489	910	6	1.493
4490	910	5	1.616
4491	911	7	1.382
4492	911	5	2.356
4493	911	6	1.855
4494	911	9	1.647
4495	911	7	1.281
4496	912	7	1.406
4497	912	9	1.129
4498	912	7	1.769
4499	912	6	1.606
4500	912	6	2.377
4501	913	7	2.103
4502	913	8	2.017
4503	913	8	1.595
4504	913	8	1.925
4505	913	9	1.496
4506	914	9	1.822
4507	914	7	2.374
4508	914	9	1.842
4509	914	6	1.79
4510	914	7	1.437
4511	915	9	2.354
4512	915	9	2.307
4513	915	5	1.62
4514	915	5	2.15
4515	915	7	1.362
4516	916	5	1.695
4517	916	8	1.369
4518	916	6	2.264
4519	916	8	2.333
4520	916	6	1.227
4521	917	9	2.286
4522	917	7	1.321
4523	917	6	1.225
4524	917	6	2.349
4525	917	5	2.215
4526	918	7	1.421
4527	918	9	1.766
4528	918	8	2.228
4529	918	9	1.93
4530	918	6	1.177
4531	919	6	1.594
4532	919	7	1.391
4533	919	8	1.737
4534	919	8	1.343
4535	919	5	1.291
4536	920	5	2.476
4537	920	5	2.329
4538	920	5	1.918
4539	920	7	2.439
4540	920	6	1.141
4541	921	9	2.327
4542	921	8	1.333
4543	921	8	1.361
4544	921	7	2.335
4545	921	9	2.0
4546	922	5	2.357
4547	922	6	1.394
4548	922	6	1.715
4549	922	7	1.986
4550	922	5	2.445
4551	923	7	2.305
4552	923	7	2.199
4553	923	5	2.028
4554	923	8	1.782
4555	923	9	1.992
4556	924	6	1.881
4557	924	6	1.227
4558	924	8	1.978
4559	924	9	1.906
4560	924	5	1.827
4561	925	7	2.498
4562	925	5	1.845
4563	925	5	1.406
4564	925	6	1.833
4565	925	7	2.222
4566	926	7	1.855
4567	926	9	2.025
4568	926	7	1.671
4569	926	7	2.235
4570	926	5	1.54
4571	927	9	1.276
4572	927	8	1.815
4573	927	5	2.075
4574	927	5	1.443
4575	927	8	1.439
4576	928	9	2.166
4577	928	5	1.48
4578	928	5	2.24
4579	928	9	2.454
4580	928	6	1.338
4581	929	6	2.313
4582	929	6	1.515
4583	929	8	2.231
4584	929	5	1.61
4585	929	9	1.415
4586	930	6	1.993
4587	930	7	2.192
4588	930	5	2.072
4589	930	6	2.26
4590	930	9	1.59
4591	931	9	1.766
4592	931	8	2.349
4593	931	7	1.502
4594	931	8	1.292
4595	931	8	1.51
4596	932	9	1.955
4597	932	8	1.599
4598	932	8	2.282
4599	932	7	1.589
4600	932	5	1.992
4601	933	6	1.822
4602	933	7	2.231
4603	933	5	1.316
4604	933	9	2.057
4605	933	7	1.483
4606	934	6	2.219
4607	934	6	2.187
4608	934	9	2.023
4609	934	9	1.124
4610	934	9	2.017
4611	935	6	2.297
4612	935	8	1.134
4613	935	9	1.218
4614	935	7	1.596
4615	935	6	2.08
4616	936	9	1.122
4617	936	5	1.531
4618	936	6	1.129
4619	936	9	1.805
4620	936	6	1.895
4621	937	7	1.373
4622	937	7	1.211
4623	937	6	1.605
4624	937	9	2.421
4625	937	5	2.483
4626	938	6	1.894
4627	938	5	1.509
4628	938	8	1.829
4629	938	7	1.801
4630	938	9	1.143
4631	939	9	2.342
4632	939	7	1.952
4633	939	7	1.163
4634	939	9	2.499
4635	939	8	1.155
4636	940	9	1.342
4637	940	5	2.329
4638	940	7	1.453
4639	940	6	2.467
4640	940	7	1.709
4641	941	6	2.393
4642	941	5	1.699
4643	941	7	1.948
4644	941	6	2.405
4645	941	6	1.31
4646	942	9	1.973
4647	942	5	2.275
4648	942	6	1.975
4649	942	5	2.322
4650	942	9	2.464
4651	943	7	1.533
4652	943	5	1.792
4653	943	6	2.241
4654	943	6	2.194
4655	943	7	2.09
4656	944	5	1.443
4657	944	9	1.211
4658	944	8	1.647
4659	944	5	1.54
4660	944	8	1.74
4661	945	9	1.945
4662	945	9	2.211
4663	945	6	1.878
4664	945	7	1.478
4665	945	6	2.242
4666	946	5	1.655
4667	946	8	1.919
4668	946	9	1.859
4669	946	8	2.392
4670	946	8	1.288
4671	947	6	2.233
4672	947	5	1.577
4673	947	6	2.448
4674	947	6	2.136
4675	947	8	2.391
4676	948	8	1.869
4677	948	6	1.861
4678	948	9	1.804
4679	948	9	2.094
4680	948	6	1.464
4681	949	7	2.327
4682	949	9	1.422
4683	949	8	2.191
4684	949	9	1.956
4685	949	8	2.033
4686	950	8	1.623
4687	950	6	1.717
4688	950	9	1.195
4689	950	9	1.996
4690	950	6	2.086
4691	951	7	2.13
4692	951	5	2.028
4693	951	8	1.677
4694	951	7	2.3
4695	951	8	2.046
4696	952	5	2.26
4697	952	6	1.174
4698	952	6	2.466
4699	952	9	1.345
4700	952	9	1.225
4701	953	8	2.486
4702	953	5	1.821
4703	953	5	2.002
4704	953	9	1.867
4705	953	6	2.282
4706	954	9	1.422
4707	954	9	1.663
4708	954	6	1.55
4709	954	7	1.477
4710	954	9	2.0
4711	955	8	1.492
4712	955	5	1.914
4713	955	6	1.474
4714	955	8	1.887
4715	955	6	1.496
4716	956	9	2.452
4717	956	6	1.673
4718	956	7	2.272
4719	956	6	2.263
4720	956	6	1.593
4721	957	7	1.612
4722	957	7	1.817
4723	957	8	2.012
4724	957	6	1.165
4725	957	9	1.757
4726	958	8	1.967
4727	958	7	2.16
4728	958	9	2.234
4729	958	8	2.21
4730	958	6	1.141
4731	959	6	1.926
4732	959	5	2.46
4733	959	8	1.14
4734	959	8	1.378
4735	959	8	1.968
4736	960	9	2.136
4737	960	9	2.162
4738	960	6	2.369
4739	960	9	1.794
4740	960	5	1.604
4741	961	9	1.731
4742	961	7	1.772
4743	961	8	2.111
4744	961	5	2.39
4745	961	8	1.484
4746	962	6	2.285
4747	962	5	2.393
4748	962	8	2.1
4749	962	7	2.399
4750	962	5	2.072
4751	963	6	2.146
4752	963	7	2.096
4753	963	6	1.534
4754	963	8	1.581
4755	963	6	1.66
4756	964	8	1.708
4757	964	7	1.169
4758	964	6	1.199
4759	964	9	1.743
4760	964	9	1.902
4761	965	7	2.287
4762	965	8	2.071
4763	965	6	1.484
4764	965	6	1.618
4765	965	8	1.878
4766	966	9	1.585
4767	966	8	1.315
4768	966	9	2.002
4769	966	9	1.136
4770	966	6	1.895
4771	967	9	2.157
4772	967	9	1.103
4773	967	7	1.247
4774	967	8	2.309
4775	967	6	1.328
4776	968	5	1.155
4777	968	8	1.957
4778	968	8	1.743
4779	968	8	1.297
4780	968	6	2.365
4781	969	7	1.583
4782	969	7	1.431
4783	969	6	1.647
4784	969	6	1.818
4785	969	8	1.833
4786	970	6	1.814
4787	970	7	2.019
4788	970	7	2.451
4789	970	5	1.256
4790	970	9	1.614
4791	971	7	2.204
4792	971	9	1.225
4793	971	9	2.213
4794	971	9	2.431
4795	971	6	2.464
4796	972	8	1.357
4797	972	6	1.375
4798	972	5	1.157
4799	972	9	1.949
4800	972	8	1.609
4801	973	5	1.522
4802	973	7	2.158
4803	973	8	1.313
4804	973	8	1.84
4805	973	8	2.438
4806	974	7	2.095
4807	974	9	2.049
4808	974	6	2.19
4809	974	8	1.655
4810	974	5	1.844
4811	975	5	1.489
4812	975	6	1.798
4813	975	5	2.123
4814	975	6	1.816
4815	975	9	2.391
4816	976	9	2.046
4817	976	9	1.357
4818	976	6	1.937
4819	976	9	2.07
4820	976	8	1.549
4821	977	5	1.308
4822	977	6	1.622
4823	977	8	1.304
4824	977	9	1.469
4825	977	7	1.604
4826	978	5	1.187
4827	978	6	2.089
4828	978	8	2.431
4829	978	7	1.227
4830	978	8	1.214
4831	979	9	1.66
4832	979	5	1.155
4833	979	5	1.543
4834	979	5	1.993
4835	979	7	1.163
4836	980	5	2.259
4837	980	9	1.843
4838	980	6	1.266
4839	980	7	1.955
4840	980	9	2.412
4841	981	5	1.357
4842	981	5	2.256
4843	981	6	1.552
4844	981	7	1.305
4845	981	6	2.249
4846	982	8	1.62
4847	982	6	1.429
4848	982	6	1.546
4849	982	7	1.585
4850	982	8	1.437
4851	983	6	1.453
4852	983	6	1.915
4853	983	6	1.534
4854	983	6	2.187
4855	983	7	1.21
4856	984	9	1.827
4857	984	9	1.446
4858	984	5	1.615
4859	984	9	1.355
4860	984	6	1.237
4861	985	6	1.447
4862	985	8	1.521
4863	985	8	1.795
4864	985	8	1.313
4865	985	9	1.872
4866	986	6	1.39
4867	986	8	1.657
4868	986	8	1.479
4869	986	9	2.29
4870	986	9	1.858
4871	987	7	2.374
4872	987	7	1.89
4873	987	9	1.838
4874	987	8	1.303
4875	987	6	1.937
4876	988	5	1.258
4877	988	7	1.946
4878	988	8	1.749
4879	988	6	2.201
4880	988	5	1.733
4881	989	9	1.2
4882	989	9	2.337
4883	989	7	2.048
4884	989	7	2.472
4885	989	6	1.429
4886	990	5	1.115
4887	990	8	1.181
4888	990	6	1.368
4889	990	6	2.109
4890	990	5	2.219
4891	991	6	2.198
4892	991	9	1.223
4893	991	9	2.449
4894	991	8	2.195
4895	991	8	2.28
4896	992	9	1.237
4897	992	5	1.926
4898	992	7	1.827
4899	992	9	1.145
4900	992	5	2.419
4901	993	6	2.288
4902	993	8	2.281
4903	993	8	1.205
4904	993	6	2.3
4905	993	5	1.121
4906	994	9	2.425
4907	994	7	1.168
4908	994	8	1.376
4909	994	9	2.006
4910	994	9	1.503
4911	995	5	1.707
4912	995	8	1.813
4913	995	6	1.75
4914	995	6	1.568
4915	995	5	1.918
4916	996	9	2.419
4917	996	7	2.11
4918	996	5	2.186
4919	996	6	1.514
4920	996	6	1.201
4921	997	8	2.46
4922	997	6	1.37
4923	997	7	2.344
4924	997	8	2.429
4925	997	9	1.228
4926	998	5	2.254
4927	998	5	1.891
4928	998	9	2.29
4929	998	9	1.584
4930	998	5	1.581
4931	999	7	1.58
4932	999	6	1.851
4933	999	5	2.372
4934	999	9	1.597
4935	999	5	1.838
4936	1000	7	1.556
4937	1000	9	1.679
4938	1000	5	2.234
4939	1000	7	1.994
4940	1000	7	1.312
4941	1001	7	1.943
4942	1001	7	1.923
4943	1001	9	2.204
4944	1001	7	1.199
4945	1001	8	1.98
4946	1002	7	1.541
4947	1002	9	2.178
4948	1002	5	1.677
4949	1002	8	2.034
4950	1002	7	1.96
4951	1003	5	2.023
4952	1003	6	2.419
4953	1003	6	2.496
4954	1003	8	2.093
4955	1003	8	2.056
4956	1004	9	2.14
4957	1004	9	1.79
4958	1004	5	2.236
4959	1004	8	2.351
4960	1004	8	1.802
4961	1005	5	1.986
4962	1005	7	2.21
4963	1005	5	2.328
4964	1005	6	2.076
4965	1005	5	1.105
4966	1006	5	1.605
4967	1006	5	1.894
4968	1006	7	1.563
4969	1006	8	2.43
4970	1006	8	2.461
4971	1007	6	1.306
4972	1007	7	2.424
4973	1007	8	2.479
4974	1007	6	2.487
4975	1007	8	1.748
4976	1008	6	1.196
4977	1008	6	2.26
4978	1008	8	2.204
4979	1008	5	1.953
4980	1008	9	2.277
4981	1009	6	2.103
4982	1009	7	1.15
4983	1009	8	1.857
4984	1009	8	1.727
4985	1009	8	1.515
4986	1010	8	1.138
4987	1010	8	1.373
4988	1010	9	1.152
4989	1010	5	2.03
4990	1010	6	2.286
4991	1011	9	1.389
4992	1011	6	2.115
4993	1011	8	1.976
4994	1011	7	1.126
4995	1011	5	1.807
4996	1012	9	1.39
4997	1012	8	1.874
4998	1012	6	1.866
4999	1012	6	2.354
5000	1012	5	1.716
